"indicador","data","periodo","valor","cv","var_trim","sinal_trim","var_anual","sinal_anual","ic_inf","ic_sup"
"desocupacao",2012-03-01,"jan-fev-mar 2012",8,0.9,NA,NA,NA,NA,7.85888,8.14112
"desocupacao",2012-04-01,"fev-mar-abr 2012",7.8,1,NA,NA,NA,NA,7.64712,7.95288
"desocupacao",2012-05-01,"mar-abr-mai 2012",7.7,1.1,NA,NA,NA,NA,7.533988,7.866012
"desocupacao",2012-06-01,"abr-mai-jun 2012",7.6,1,-0.4,"Z",NA,NA,7.45104,7.74896
"desocupacao",2012-07-01,"mai-jun-jul 2012",7.5,1.1,-0.3,"Z",NA,NA,7.3383,7.6617
"desocupacao",2012-08-01,"jun-jul-ago 2012",7.3,1.1,-0.3,"Z",NA,NA,7.142612,7.457388
"desocupacao",2012-09-01,"jul-ago-set 2012",7.1,1.1,-0.5,"Z",NA,NA,6.946924,7.253076
"desocupacao",2012-10-01,"ago-set-out 2012",6.9,1.2,-0.5,"Z",NA,NA,6.737712,7.062288
"desocupacao",2012-11-01,"set-out-nov 2012",6.8,1.2,-0.5,"Z",NA,NA,6.640064,6.959936
"desocupacao",2012-12-01,"out-nov-dez 2012",6.9,1.1,-0.2,"Z",NA,NA,6.751236,7.048764
"desocupacao",2013-01-01,"nov-dez-jan 2013",7.2,1.1,0.3,"Z",NA,NA,7.044768,7.355232
"desocupacao",2013-02-01,"dez-jan-fev 2013",7.8,1.1,1,"Z",NA,NA,7.631832,7.968168
"desocupacao",2013-03-01,"jan-fev-mar 2013",8,1,1.1,"Z",0.1,"A",7.8432,8.1568
"desocupacao",2013-04-01,"fev-mar-abr 2013",7.9,1.1,0.7,"Z",0.1,"A",7.729676,8.070324
"desocupacao",2013-05-01,"mar-abr-mai 2013",7.6,1,-0.1,"A",0,"A",7.45104,7.74896
"desocupacao",2013-06-01,"abr-mai-jun 2013",7.5,0.9,-0.5,"Z",-0.1,"A",7.3677,7.6323
"desocupacao",2013-07-01,"mai-jun-jul 2013",7.4,1.1,-0.5,"Z",-0.1,"A",7.240456,7.559544
"desocupacao",2013-08-01,"jun-jul-ago 2013",7.2,1.1,-0.5,"Z",-0.2,"A",7.044768,7.355232
"desocupacao",2013-09-01,"jul-ago-set 2013",7,1.1,-0.5,"Z",-0.1,"A",6.84908,7.15092
"desocupacao",2013-10-01,"ago-set-out 2013",6.8,1.1,-0.6,"Z",-0.2,"A",6.653392,6.946608
"desocupacao",2013-11-01,"set-out-nov 2013",6.5,1.2,-0.6,"Z",-0.3,"Z",6.34712,6.65288
"desocupacao",2013-12-01,"out-nov-dez 2013",6.2,1.3,-0.8,"Z",-0.7,"Z",6.042024,6.357976
"desocupacao",2014-01-01,"nov-dez-jan 2014",6.5,1.2,-0.3,"Z",-0.8,"Z",6.34712,6.65288
"desocupacao",2014-02-01,"dez-jan-fev 2014",6.8,1.1,0.3,"Z",-1,"Z",6.653392,6.946608
"desocupacao",2014-03-01,"jan-fev-mar 2014",7.2,1.2,1,"Z",-0.8,"Z",7.030656,7.369344
"desocupacao",2014-04-01,"fev-mar-abr 2014",7.2,1.3,0.7,"Z",-0.7,"Z",7.016544,7.383456
"desocupacao",2014-05-01,"mar-abr-mai 2014",7,1.2,0.2,"Z",-0.6,"Z",6.83536,7.16464
"desocupacao",2014-06-01,"abr-mai-jun 2014",6.9,1.1,-0.3,"Z",-0.6,"Z",6.751236,7.048764
"desocupacao",2014-07-01,"mai-jun-jul 2014",7,1.1,-0.2,"Z",-0.4,"Z",6.84908,7.15092
"desocupacao",2014-08-01,"jun-jul-ago 2014",7,1.2,-0.1,"A",-0.2,"Z",6.83536,7.16464
"desocupacao",2014-09-01,"jul-ago-set 2014",6.8,1.2,-0.1,"A",-0.2,"A",6.640064,6.959936
"desocupacao",2014-10-01,"ago-set-out 2014",6.7,1.1,-0.3,"Z",-0.1,"A",6.555548,6.844452
"desocupacao",2014-11-01,"set-out-nov 2014",6.6,1.2,-0.4,"Z",0,"A",6.444768,6.755232
"desocupacao",2014-12-01,"out-nov-dez 2014",6.6,1.3,-0.3,"Z",0.3,"Z",6.431832,6.768168
"desocupacao",2015-01-01,"nov-dez-jan 2015",6.9,1.2,0.2,"Z",0.4,"Z",6.737712,7.062288
"desocupacao",2015-02-01,"dez-jan-fev 2015",7.5,1.1,0.9,"Z",0.7,"Z",7.3383,7.6617
"desocupacao",2015-03-01,"jan-fev-mar 2015",8,1.1,1.5,"Z",0.8,"Z",7.82752,8.17248
"desocupacao",2015-04-01,"fev-mar-abr 2015",8.1,1.1,1.2,"Z",0.9,"Z",7.925364,8.274636
"desocupacao",2015-05-01,"mar-abr-mai 2015",8.2,1.1,0.7,"Z",1.2,"Z",8.023208,8.376792
"desocupacao",2015-06-01,"abr-mai-jun 2015",8.4,1.1,0.4,"Z",1.5,"Z",8.218896,8.581104
"desocupacao",2015-07-01,"mai-jun-jul 2015",8.6,1,0.5,"Z",1.7,"Z",8.43144,8.76856
"desocupacao",2015-08-01,"jun-jul-ago 2015",8.8,1,0.6,"Z",1.9,"Z",8.62752,8.97248
"desocupacao",2015-09-01,"jul-ago-set 2015",9,1,0.6,"Z",2.2,"Z",8.8236,9.1764
"desocupacao",2015-10-01,"ago-set-out 2015",9.1,1,0.4,"Z",2.4,"Z",8.92164,9.27836
"desocupacao",2015-11-01,"set-out-nov 2015",9.1,1.1,0.3,"Z",2.5,"Z",8.903804,9.296196
"desocupacao",2015-12-01,"out-nov-dez 2015",9.1,1.1,0.1,"A",2.5,"Z",8.903804,9.296196
"desocupacao",2016-01-01,"nov-dez-jan 2016",9.6,1.1,0.5,"Z",2.7,"Z",9.393024,9.806976
"desocupacao",2016-02-01,"dez-jan-fev 2016",10.3,1.2,1.2,"Z",2.8,"Z",10.057744,10.542256
"desocupacao",2016-03-01,"jan-fev-mar 2016",11,1.2,2,"Z",3,"Z",10.74128,11.25872
"desocupacao",2016-04-01,"fev-mar-abr 2016",11.3,1.2,1.7,"Z",3.2,"Z",11.034224,11.565776
"desocupacao",2016-05-01,"mar-abr-mai 2016",11.3,0.9,1,"Z",3.1,"Z",11.100668,11.499332
"desocupacao",2016-06-01,"abr-mai-jun 2016",11.4,1,0.4,"Z",3,"Z",11.17656,11.62344
"desocupacao",2016-07-01,"mai-jun-jul 2016",11.7,1,0.4,"Z",3,"Z",11.47068,11.92932
"desocupacao",2016-08-01,"jun-jul-ago 2016",11.9,1,0.6,"Z",3,"Z",11.66676,12.13324
"desocupacao",2016-09-01,"jul-ago-set 2016",11.9,1,0.5,"Z",2.9,"Z",11.66676,12.13324
"desocupacao",2016-10-01,"ago-set-out 2016",11.9,1,0.2,"A",2.8,"Z",11.66676,12.13324
"desocupacao",2016-11-01,"set-out-nov 2016",12,1,0.1,"A",2.8,"Z",11.7648,12.2352
"desocupacao",2016-12-01,"out-nov-dez 2016",12.1,0.9,0.2,"Z",3.1,"Z",11.886556,12.313444
"desocupacao",2017-01-01,"nov-dez-jan 2017",12.7,0.9,0.7,"Z",3.1,"Z",12.475972,12.924028
"desocupacao",2017-02-01,"dez-jan-fev 2017",13.3,0.9,1.3,"Z",2.9,"Z",13.065388,13.534612
"desocupacao",2017-03-01,"jan-fev-mar 2017",13.9,0.9,1.7,"Z",2.8,"Z",13.654804,14.145196
"desocupacao",2017-04-01,"fev-mar-abr 2017",13.7,0.8,1,"Z",2.4,"Z",13.485184,13.914816
"desocupacao",2017-05-01,"mar-abr-mai 2017",13.4,0.9,0.1,"A",2.1,"Z",13.163624,13.636376
"desocupacao",2017-06-01,"abr-mai-jun 2017",13.1,0.8,-0.8,"Z",1.7,"Z",12.894592,13.305408
"desocupacao",2017-07-01,"mai-jun-jul 2017",12.9,0.9,-0.8,"Z",1.2,"Z",12.672444,13.127556
"desocupacao",2017-08-01,"jun-jul-ago 2017",12.7,0.9,-0.7,"Z",0.8,"Z",12.475972,12.924028
"desocupacao",2017-09-01,"jul-ago-set 2017",12.5,0.9,-0.6,"Z",0.6,"Z",12.2795,12.7205
"desocupacao",2017-10-01,"ago-set-out 2017",12.3,0.9,-0.6,"Z",0.4,"Z",12.083028,12.516972
"desocupacao",2017-11-01,"set-out-nov 2017",12.1,1,-0.5,"Z",0.2,"A",11.86284,12.33716
"desocupacao",2017-12-01,"out-nov-dez 2017",11.9,1,-0.6,"Z",-0.3,"A",11.66676,12.13324
"desocupacao",2018-01-01,"nov-dez-jan 2018",12.3,0.9,0,"A",-0.4,"Z",12.083028,12.516972
"desocupacao",2018-02-01,"dez-jan-fev 2018",12.7,1,0.6,"Z",-0.6,"Z",12.45108,12.94892
"desocupacao",2018-03-01,"jan-fev-mar 2018",13.2,0.9,1.3,"Z",-0.6,"Z",12.967152,13.432848
"desocupacao",2018-04-01,"fev-mar-abr 2018",13,0.9,0.7,"Z",-0.7,"Z",12.77068,13.22932
"desocupacao",2018-05-01,"mar-abr-mai 2018",12.8,0.9,0.1,"A",-0.6,"Z",12.574208,13.025792
"desocupacao",2018-06-01,"abr-mai-jun 2018",12.6,0.9,-0.7,"Z",-0.5,"Z",12.377736,12.822264
"desocupacao",2018-07-01,"mai-jun-jul 2018",12.4,1,-0.6,"Z",-0.5,"Z",12.15696,12.64304
"desocupacao",2018-08-01,"jun-jul-ago 2018",12.2,1,-0.6,"Z",-0.4,"Z",11.96088,12.43912
"desocupacao",2018-09-01,"jul-ago-set 2018",12,0.9,-0.5,"Z",-0.5,"Z",11.78832,12.21168
"desocupacao",2018-10-01,"ago-set-out 2018",11.8,0.9,-0.6,"Z",-0.4,"Z",11.591848,12.008152
"desocupacao",2018-11-01,"set-out-nov 2018",11.7,0.9,-0.6,"Z",-0.4,"Z",11.493612,11.906388
"desocupacao",2018-12-01,"out-nov-dez 2018",11.7,0.9,-0.3,"Z",-0.2,"A",11.493612,11.906388
"desocupacao",2019-01-01,"nov-dez-jan 2019",12.2,1,0.3,"Z",-0.1,"A",11.96088,12.43912
"desocupacao",2019-02-01,"dez-jan-fev 2019",12.5,1,0.9,"Z",-0.1,"A",12.255,12.745
"desocupacao",2019-03-01,"jan-fev-mar 2019",12.8,1,1.1,"Z",-0.4,"Z",12.54912,13.05088
"desocupacao",2019-04-01,"fev-mar-abr 2019",12.6,0.8,0.5,"Z",-0.4,"Z",12.402432,12.797568
"desocupacao",2019-05-01,"mar-abr-mai 2019",12.4,1,-0.2,"A",-0.4,"Z",12.15696,12.64304
"desocupacao",2019-06-01,"abr-mai-jun 2019",12.1,1,-0.7,"Z",-0.4,"Z",11.86284,12.33716
"desocupacao",2019-07-01,"mai-jun-jul 2019",11.9,1,-0.7,"Z",-0.5,"Z",11.66676,12.13324
"desocupacao",2019-08-01,"jun-jul-ago 2019",11.9,0.9,-0.4,"Z",-0.3,"Z",11.690084,12.109916
"desocupacao",2019-09-01,"jul-ago-set 2019",11.9,1,-0.2,"Z",-0.1,"A",11.66676,12.13324
"desocupacao",2019-10-01,"ago-set-out 2019",11.7,1,-0.2,"A",-0.1,"A",11.47068,11.92932
"desocupacao",2019-11-01,"set-out-nov 2019",11.3,1,-0.7,"Z",-0.4,"Z",11.07852,11.52148
"desocupacao",2019-12-01,"out-nov-dez 2019",11.1,1,-0.8,"Z",-0.6,"Z",10.88244,11.31756
"desocupacao",2020-01-01,"nov-dez-jan 2020",11.3,1,-0.4,"Z",-0.8,"Z",11.07852,11.52148
"desocupacao",2020-02-01,"dez-jan-fev 2020",11.7,0.9,0.5,"Z",-0.8,"Z",11.493612,11.906388
"desocupacao",2020-03-01,"jan-fev-mar 2020",12.4,1,1.3,"Z",-0.5,"Z",12.15696,12.64304
"desocupacao",2020-04-01,"fev-mar-abr 2020",12.7,1.1,1.4,"Z",0.1,"A",12.426188,12.973812
"desocupacao",2020-05-01,"mar-abr-mai 2020",13.1,1.3,1.4,"Z",0.7,"Z",12.766212,13.433788
"desocupacao",2020-06-01,"abr-mai-jun 2020",13.6,1.4,1.2,"Z",1.4,"Z",13.226816,13.973184
"desocupacao",2020-07-01,"mai-jun-jul 2020",14.1,1.2,1.3,"Z",2.1,"Z",13.768368,14.431632
"desocupacao",2020-08-01,"jun-jul-ago 2020",14.8,1.2,1.7,"Z",2.8,"Z",14.451904,15.148096
"desocupacao",2020-09-01,"jul-ago-set 2020",14.9,1.1,1.3,"Z",3,"Z",14.578756,15.221244
"desocupacao",2020-10-01,"ago-set-out 2020",14.6,1.2,0.5,"Z",2.8,"Z",14.256608,14.943392
"desocupacao",2020-11-01,"set-out-nov 2020",14.3,1.3,-0.4,"Z",3.1,"Z",13.935636,14.664364
"desocupacao",2020-12-01,"out-nov-dez 2020",14.2,1.5,-0.7,"Z",3.1,"Z",13.78252,14.61748
"desocupacao",2021-01-01,"nov-dez-jan 2021",14.4,1.3,-0.1,"A",3.1,"Z",14.033088,14.766912
"desocupacao",2021-02-01,"dez-jan-fev 2021",14.6,1.2,0.3,"A",2.8,"Z",14.256608,14.943392
"desocupacao",2021-03-01,"jan-fev-mar 2021",14.9,1.2,0.7,"Z",2.5,"Z",14.549552,15.250448
"desocupacao",2021-04-01,"fev-mar-abr 2021",14.8,1.3,0.3,"A",2.1,"Z",14.422896,15.177104
"desocupacao",2021-05-01,"mar-abr-mai 2021",14.7,1.3,0.1,"A",1.6,"Z",14.325444,15.074556
"desocupacao",2021-06-01,"abr-mai-jun 2021",14.2,1.2,-0.7,"Z",0.7,"Z",13.866016,14.533984
"desocupacao",2021-07-01,"mai-jun-jul 2021",13.7,1.2,-1.1,"Z",-0.4,"A",13.377776,14.022224
"desocupacao",2021-08-01,"jun-jul-ago 2021",13.2,1.1,-1.6,"Z",-1.6,"Z",12.915408,13.484592
"desocupacao",2021-09-01,"jul-ago-set 2021",12.7,1.1,-1.6,"Z",-2.2,"Z",12.426188,12.973812
"desocupacao",2021-10-01,"ago-set-out 2021",12.1,1.1,-1.6,"Z",-2.5,"Z",11.839124,12.360876
"desocupacao",2021-11-01,"set-out-nov 2021",11.6,1,-1.6,"Z",-2.8,"Z",11.37264,11.82736
"desocupacao",2021-12-01,"out-nov-dez 2021",11.1,1,-1.5,"Z",-3,"Z",10.88244,11.31756
"desocupacao",2022-01-01,"nov-dez-jan 2022",11.2,1.1,-0.9,"Z",-3.2,"Z",10.958528,11.441472
"desocupacao",2022-02-01,"dez-jan-fev 2022",11.2,1.1,-0.4,"Z",-3.4,"Z",10.958528,11.441472
"desocupacao",2022-03-01,"jan-fev-mar 2022",11.1,1,0,"A",-3.8,"Z",10.88244,11.31756
"desocupacao",2022-04-01,"fev-mar-abr 2022",10.5,1.1,-0.7,"Z",-4.3,"Z",10.27362,10.72638
"desocupacao",2022-05-01,"mar-abr-mai 2022",9.8,1.1,-1.4,"Z",-4.9,"Z",9.588712,10.011288
"desocupacao",2022-06-01,"abr-mai-jun 2022",9.3,1.1,-1.8,"Z",-4.9,"Z",9.099492,9.500508
"desocupacao",2022-07-01,"mai-jun-jul 2022",9.1,1.1,-1.4,"Z",-4.6,"Z",8.903804,9.296196
"desocupacao",2022-08-01,"jun-jul-ago 2022",8.9,1.1,-0.9,"Z",-4.2,"Z",8.708116,9.091884
"desocupacao",2022-09-01,"jul-ago-set 2022",8.7,1.1,-0.6,"Z",-4,"Z",8.512428,8.887572
"desocupacao",2022-10-01,"ago-set-out 2022",8.3,1.2,-0.8,"Z",-3.8,"Z",8.104784,8.495216
"desocupacao",2022-11-01,"set-out-nov 2022",8.1,1.2,-0.9,"Z",-3.5,"Z",7.909488,8.290512
"desocupacao",2022-12-01,"out-nov-dez 2022",7.9,1.2,-0.7,"Z",-3.2,"Z",7.714192,8.085808
"desocupacao",2023-01-01,"nov-dez-jan 2023",8.4,1.3,0.1,"A",-2.9,"Z",8.185968,8.614032
"desocupacao",2023-02-01,"dez-jan-fev 2023",8.6,1.1,0.5,"Z",-2.6,"Z",8.414584,8.785416
"desocupacao",2023-03-01,"jan-fev-mar 2023",8.8,1.2,0.8,"Z",-2.4,"Z",8.593024,9.006976
"desocupacao",2023-04-01,"fev-mar-abr 2023",8.5,1.3,0.1,"A",-2,"Z",8.28342,8.71658
"desocupacao",2023-05-01,"mar-abr-mai 2023",8.3,1.3,-0.3,"Z",-1.5,"Z",8.088516,8.511484
"desocupacao",2023-06-01,"abr-mai-jun 2023",8,1.2,-0.8,"Z",-1.3,"Z",7.81184,8.18816
"desocupacao",2023-07-01,"mai-jun-jul 2023",7.9,1.2,-0.6,"Z",-1.2,"Z",7.714192,8.085808
"desocupacao",2023-08-01,"jun-jul-ago 2023",7.8,1.1,-0.6,"Z",-1.1,"Z",7.631832,7.968168
"desocupacao",2023-09-01,"jul-ago-set 2023",7.7,1.2,-0.3,"Z",-1,"Z",7.518896,7.881104
"desocupacao",2023-10-01,"ago-set-out 2023",7.6,1.2,-0.3,"Z",-0.7,"Z",7.421248,7.778752
"desocupacao",2023-11-01,"set-out-nov 2023",7.5,1.2,-0.2,"Z",-0.5,"Z",7.3236,7.6764
"desocupacao",2023-12-01,"out-nov-dez 2023",7.4,1.1,-0.3,"Z",-0.5,"Z",7.240456,7.559544
"desocupacao",2024-01-01,"nov-dez-jan 2024",7.6,1.1,0,"A",-0.7,"Z",7.436144,7.763856
"desocupacao",2024-02-01,"dez-jan-fev 2024",7.8,1.1,0.3,"Z",-0.7,"Z",7.631832,7.968168
"desocupacao",2024-03-01,"jan-fev-mar 2024",7.9,1.1,0.5,"Z",-0.9,"Z",7.729676,8.070324
"desocupacao",2024-04-01,"fev-mar-abr 2024",7.5,1.3,-0.1,"A",-1,"Z",7.3089,7.6911
"desocupacao",2024-05-01,"mar-abr-mai 2024",7.1,1.4,-0.7,"Z",-1.2,"Z",6.905176,7.294824
"desocupacao",2024-06-01,"abr-mai-jun 2024",6.9,1.2,-1,"Z",-1.1,"Z",6.737712,7.062288
"desocupacao",2024-07-01,"mai-jun-jul 2024",6.8,1.2,-0.7,"Z",-1.1,"Z",6.640064,6.959936
"desocupacao",2024-08-01,"jun-jul-ago 2024",6.6,1.3,-0.5,"Z",-1.2,"Z",6.431832,6.768168
"desocupacao",2024-09-01,"jul-ago-set 2024",6.4,1.4,-0.5,"Z",-1.3,"Z",6.224384,6.575616
"desocupacao",2024-10-01,"ago-set-out 2024",6.2,1.4,-0.6,"Z",-1.4,"Z",6.029872,6.370128
"desocupacao",2024-11-01,"set-out-nov 2024",6.1,1.4,-0.5,"Z",-1.4,"Z",5.932616,6.267384
"desocupacao",2024-12-01,"out-nov-dez 2024",6.2,1.4,-0.2,"A",-1.2,"Z",6.029872,6.370128
"desocupacao",2025-01-01,"nov-dez-jan 2025",6.5,1.4,0.4,"Z",-1.1,"Z",6.32164,6.67836
"desocupacao",2025-02-01,"dez-jan-fev 2025",6.8,1.3,0.7,"Z",-1.1,"Z",6.626736,6.973264
"desocupacao",2025-03-01,"jan-fev-mar 2025",7,1.3,0.8,"Z",-0.9,"Z",6.82164,7.17836
"desocupacao",2025-04-01,"fev-mar-abr 2025",6.6,1.2,0,"A",-0.9,"Z",6.444768,6.755232
"desocupacao",2025-05-01,"mar-abr-mai 2025",6.2,1.3,-0.6,"Z",-1,"Z",6.042024,6.357976
"desocupacao",2025-06-01,"abr-mai-jun 2025",5.8,1.5,-1.2,"Z",-1.1,"Z",5.62948,5.97052
"desocupacao",2025-07-01,"mai-jun-jul 2025",5.6,1.3,-0.9,"Z",-1.1,"Z",5.457312,5.742688
"desocupacao",2025-08-01,"jun-jul-ago 2025",5.6,1.5,-0.6,"Z",-1,"Z",5.43536,5.76464
"desocupacao",2025-09-01,"jul-ago-set 2025",5.6,1.5,-0.2,"Z",-0.8,"Z",5.43536,5.76464
"desocupacao",2025-10-01,"ago-set-out 2025",5.4,1.3,-0.2,"Z",-0.7,"Z",5.262408,5.537592
"desocupacao",2025-11-01,"set-out-nov 2025",5.2,1.4,-0.4,"Z",-0.9,"Z",5.057312,5.342688
"desocupacao",2025-12-01,"out-nov-dez 2025",5.1,1.5,-0.5,"Z",-1.1,"Z",4.95006,5.24994
"desocupacao",2026-01-01,"nov-dez-jan 2026",5.4,1.8,-0.1,"A",-1.1,"Z",5.209488,5.590512
"desocupacao",2026-02-01,"dez-jan-fev 2026",5.8,1.7,0.6,"Z",-1,"Z",5.606744,5.993256
"desocupacao",2026-03-01,"jan-fev-mar 2026",6.1,1.3,1,"Z",-0.9,"Z",5.944572,6.255428
"desocupacao",2026-04-01,"fev-mar-abr 2026",5.8,1.2,0.4,"Z",-0.8,"Z",5.663584,5.936416
"desocupacao",2026-05-01,"mar-abr-mai 2026",5.6,1.4,-0.2,"A",-0.6,"Z",5.446336,5.753664
"desocupacao",2026-06-01,"abr-mai-jun 2026",5.4,1.4,-0.7,"Z",-0.4,"Z",5.251824,5.548176
"desocupacao",2026-07-01,"mai-jun-jul 2026",5.3,1.3,-0.5,"Z",-0.3,"Z",5.164956,5.435044
"desocupacao",2026-08-01,"jun-jul-ago 2026",5.3,1.3,-0.3,"Z",-0.3,"Z",5.164956,5.435044
"ocupacao",2012-03-01,"jan-fev-mar 2012",57.3,0.2,NA,NA,NA,NA,57.075384,57.524616
"ocupacao",2012-04-01,"fev-mar-abr 2012",57.8,0.2,NA,NA,NA,NA,57.573424,58.026576
"ocupacao",2012-05-01,"mar-abr-mai 2012",58.1,0.2,NA,NA,NA,NA,57.872248,58.327752
"ocupacao",2012-06-01,"abr-mai-jun 2012",58.2,0.2,0.8,"Z",NA,NA,57.971856,58.428144
"ocupacao",2012-07-01,"mai-jun-jul 2012",58.2,0.2,0.4,"Z",NA,NA,57.971856,58.428144
"ocupacao",2012-08-01,"jun-jul-ago 2012",58.3,0.2,0.2,"Z",NA,NA,58.071464,58.528536
"ocupacao",2012-09-01,"jul-ago-set 2012",58.4,0.2,0.2,"Z",NA,NA,58.171072,58.628928
"ocupacao",2012-10-01,"ago-set-out 2012",58.4,0.2,0.2,"Z",NA,NA,58.171072,58.628928
"ocupacao",2012-11-01,"set-out-nov 2012",58.4,0.2,0.1,"A",NA,NA,58.171072,58.628928
"ocupacao",2012-12-01,"out-nov-dez 2012",58.3,0.2,0,"A",NA,NA,58.071464,58.528536
"ocupacao",2013-01-01,"nov-dez-jan 2013",58.1,0.2,-0.3,"Z",NA,NA,57.872248,58.327752
"ocupacao",2013-02-01,"dez-jan-fev 2013",57.8,0.2,-0.6,"Z",NA,NA,57.573424,58.026576
"ocupacao",2013-03-01,"jan-fev-mar 2013",57.5,0.2,-0.8,"Z",0.2,"A",57.2746,57.7254
"ocupacao",2013-04-01,"fev-mar-abr 2013",57.7,0.2,-0.3,"Z",-0.1,"A",57.473816,57.926184
"ocupacao",2013-05-01,"mar-abr-mai 2013",58,0.2,0.2,"Z",-0.1,"A",57.77264,58.22736
"ocupacao",2013-06-01,"abr-mai-jun 2013",58.1,0.2,0.5,"Z",-0.1,"A",57.872248,58.327752
"ocupacao",2013-07-01,"mai-jun-jul 2013",58.2,0.2,0.4,"Z",0,"A",57.971856,58.428144
"ocupacao",2013-08-01,"jun-jul-ago 2013",58.2,0.2,0.2,"Z",-0.1,"A",57.971856,58.428144
"ocupacao",2013-09-01,"jul-ago-set 2013",58.2,0.2,0.2,"A",-0.1,"A",57.971856,58.428144
"ocupacao",2013-10-01,"ago-set-out 2013",58.3,0.2,0.1,"A",-0.1,"A",58.071464,58.528536
"ocupacao",2013-11-01,"set-out-nov 2013",58.5,0.2,0.3,"Z",0.1,"A",58.27068,58.72932
"ocupacao",2013-12-01,"out-nov-dez 2013",58.5,0.2,0.3,"Z",0.2,"A",58.27068,58.72932
"ocupacao",2014-01-01,"nov-dez-jan 2014",58.2,0.2,0,"A",0.2,"A",57.971856,58.428144
"ocupacao",2014-02-01,"dez-jan-fev 2014",58.1,0.2,-0.4,"Z",0.3,"Z",57.872248,58.327752
"ocupacao",2014-03-01,"jan-fev-mar 2014",57.8,0.2,-0.7,"Z",0.3,"Z",57.573424,58.026576
"ocupacao",2014-04-01,"fev-mar-abr 2014",57.9,0.2,-0.3,"Z",0.2,"A",57.673032,58.126968
"ocupacao",2014-05-01,"mar-abr-mai 2014",58,0.2,-0.1,"A",0,"A",57.77264,58.22736
"ocupacao",2014-06-01,"abr-mai-jun 2014",58.1,0.2,0.2,"Z",0,"A",57.872248,58.327752
"ocupacao",2014-07-01,"mai-jun-jul 2014",58,0.2,0,"A",-0.2,"A",57.77264,58.22736
"ocupacao",2014-08-01,"jun-jul-ago 2014",57.9,0.2,-0.1,"A",-0.3,"Z",57.673032,58.126968
"ocupacao",2014-09-01,"jul-ago-set 2014",58.1,0.2,0,"A",-0.2,"A",57.872248,58.327752
"ocupacao",2014-10-01,"ago-set-out 2014",58.2,0.2,0.2,"Z",-0.1,"A",57.971856,58.428144
"ocupacao",2014-11-01,"set-out-nov 2014",58.2,0.2,0.3,"Z",-0.2,"A",57.971856,58.428144
"ocupacao",2014-12-01,"out-nov-dez 2014",58.2,0.2,0.2,"A",-0.3,"Z",57.971856,58.428144
"ocupacao",2015-01-01,"nov-dez-jan 2015",58,0.2,-0.2,"A",-0.2,"A",57.77264,58.22736
"ocupacao",2015-02-01,"dez-jan-fev 2015",57.7,0.2,-0.5,"Z",-0.4,"Z",57.473816,57.926184
"ocupacao",2015-03-01,"jan-fev-mar 2015",57.4,0.2,-0.8,"Z",-0.5,"Z",57.174992,57.625008
"ocupacao",2015-04-01,"fev-mar-abr 2015",57.5,0.2,-0.5,"Z",-0.5,"Z",57.2746,57.7254
"ocupacao",2015-05-01,"mar-abr-mai 2015",57.4,0.2,-0.3,"Z",-0.6,"Z",57.174992,57.625008
"ocupacao",2015-06-01,"abr-mai-jun 2015",57.4,0.2,0,"A",-0.7,"Z",57.174992,57.625008
"ocupacao",2015-07-01,"mai-jun-jul 2015",57.3,0.2,-0.2,"A",-0.6,"Z",57.075384,57.524616
"ocupacao",2015-08-01,"jun-jul-ago 2015",57.2,0.2,-0.2,"Z",-0.7,"Z",56.975776,57.424224
"ocupacao",2015-09-01,"jul-ago-set 2015",57.2,0.2,-0.2,"Z",-0.9,"Z",56.975776,57.424224
"ocupacao",2015-10-01,"ago-set-out 2015",57.2,0.2,-0.1,"A",-0.9,"Z",56.975776,57.424224
"ocupacao",2015-11-01,"set-out-nov 2015",57.1,0.2,-0.1,"A",-1.1,"Z",56.876168,57.323832
"ocupacao",2015-12-01,"out-nov-dez 2015",57.1,0.2,-0.1,"A",-1.1,"Z",56.876168,57.323832
"ocupacao",2016-01-01,"nov-dez-jan 2016",56.7,0.2,-0.5,"Z",-1.3,"Z",56.477736,56.922264
"ocupacao",2016-02-01,"dez-jan-fev 2016",56.3,0.2,-0.8,"Z",-1.4,"Z",56.079304,56.520696
"ocupacao",2016-03-01,"jan-fev-mar 2016",55.9,0.2,-1.2,"Z",-1.5,"Z",55.680872,56.119128
"ocupacao",2016-04-01,"fev-mar-abr 2016",55.7,0.2,-0.9,"Z",-1.7,"Z",55.481656,55.918344
"ocupacao",2016-05-01,"mar-abr-mai 2016",55.8,0.2,-0.5,"Z",-1.6,"Z",55.581264,56.018736
"ocupacao",2016-06-01,"abr-mai-jun 2016",55.7,0.2,-0.2,"Z",-1.7,"Z",55.481656,55.918344
"ocupacao",2016-07-01,"mai-jun-jul 2016",55.4,0.2,-0.3,"Z",-1.9,"Z",55.182832,55.617168
"ocupacao",2016-08-01,"jun-jul-ago 2016",55.2,0.2,-0.6,"Z",-2,"Z",54.983616,55.416384
"ocupacao",2016-09-01,"jul-ago-set 2016",55,0.2,-0.7,"Z",-2.2,"Z",54.7844,55.2156
"ocupacao",2016-10-01,"ago-set-out 2016",55,0.2,-0.4,"Z",-2.2,"Z",54.7844,55.2156
"ocupacao",2016-11-01,"set-out-nov 2016",55.1,0.2,-0.1,"A",-2,"Z",54.884008,55.315992
"ocupacao",2016-12-01,"out-nov-dez 2016",55,0.2,0,"A",-2,"Z",54.7844,55.2156
"ocupacao",2017-01-01,"nov-dez-jan 2017",54.7,0.2,-0.3,"Z",-2,"Z",54.485576,54.914424
"ocupacao",2017-02-01,"dez-jan-fev 2017",54.4,0.2,-0.7,"Z",-2,"Z",54.186752,54.613248
"ocupacao",2017-03-01,"jan-fev-mar 2017",54.1,0.2,-1,"Z",-1.8,"Z",53.887928,54.312072
"ocupacao",2017-04-01,"fev-mar-abr 2017",54.2,0.2,-0.5,"Z",-1.5,"Z",53.987536,54.412464
"ocupacao",2017-05-01,"mar-abr-mai 2017",54.4,0.2,0.1,"A",-1.3,"Z",54.186752,54.613248
"ocupacao",2017-06-01,"abr-mai-jun 2017",54.7,0.2,0.7,"Z",-1,"Z",54.485576,54.914424
"ocupacao",2017-07-01,"mai-jun-jul 2017",54.9,0.2,0.7,"Z",-0.5,"Z",54.684792,55.115208
"ocupacao",2017-08-01,"jun-jul-ago 2017",55.1,0.2,0.7,"Z",-0.1,"A",54.884008,55.315992
"ocupacao",2017-09-01,"jul-ago-set 2017",55.2,0.2,0.5,"Z",0.2,"A",54.983616,55.416384
"ocupacao",2017-10-01,"ago-set-out 2017",55.4,0.2,0.4,"Z",0.4,"Z",55.182832,55.617168
"ocupacao",2017-11-01,"set-out-nov 2017",55.6,0.2,0.5,"Z",0.5,"Z",55.382048,55.817952
"ocupacao",2017-12-01,"out-nov-dez 2017",55.6,0.2,0.4,"Z",0.6,"Z",55.382048,55.817952
"ocupacao",2018-01-01,"nov-dez-jan 2018",55.3,0.2,0,"A",0.6,"Z",55.083224,55.516776
"ocupacao",2018-02-01,"dez-jan-fev 2018",55,0.2,-0.6,"Z",0.6,"Z",54.7844,55.2156
"ocupacao",2018-03-01,"jan-fev-mar 2018",54.7,0.2,-1,"Z",0.6,"Z",54.485576,54.914424
"ocupacao",2018-04-01,"fev-mar-abr 2018",54.7,0.2,-0.6,"Z",0.5,"Z",54.485576,54.914424
"ocupacao",2018-05-01,"mar-abr-mai 2018",54.7,0.2,-0.2,"Z",0.3,"Z",54.485576,54.914424
"ocupacao",2018-06-01,"abr-mai-jun 2018",54.9,0.2,0.2,"Z",0.1,"A",54.684792,55.115208
"ocupacao",2018-07-01,"mai-jun-jul 2018",55.1,0.2,0.4,"Z",0.2,"A",54.884008,55.315992
"ocupacao",2018-08-01,"jun-jul-ago 2018",55.3,0.2,0.6,"Z",0.2,"A",55.083224,55.516776
"ocupacao",2018-09-01,"jul-ago-set 2018",55.6,0.2,0.7,"Z",0.4,"Z",55.382048,55.817952
"ocupacao",2018-10-01,"ago-set-out 2018",55.8,0.2,0.7,"Z",0.4,"Z",55.581264,56.018736
"ocupacao",2018-11-01,"set-out-nov 2018",55.9,0.2,0.6,"Z",0.3,"Z",55.680872,56.119128
"ocupacao",2018-12-01,"out-nov-dez 2018",55.8,0.2,0.2,"Z",0.2,"A",55.581264,56.018736
"ocupacao",2019-01-01,"nov-dez-jan 2019",55.4,0.2,-0.3,"Z",0.1,"A",55.182832,55.617168
"ocupacao",2019-02-01,"dez-jan-fev 2019",55.1,0.2,-0.7,"Z",0.2,"A",54.884008,55.315992
"ocupacao",2019-03-01,"jan-fev-mar 2019",55.1,0.2,-0.7,"Z",0.4,"Z",54.884008,55.315992
"ocupacao",2019-04-01,"fev-mar-abr 2019",55.4,0.2,-0.1,"A",0.7,"Z",55.182832,55.617168
"ocupacao",2019-05-01,"mar-abr-mai 2019",55.7,0.2,0.5,"Z",0.9,"Z",55.481656,55.918344
"ocupacao",2019-06-01,"abr-mai-jun 2019",55.8,0.2,0.8,"Z",1,"Z",55.581264,56.018736
"ocupacao",2019-07-01,"mai-jun-jul 2019",55.9,0.2,0.5,"Z",0.9,"Z",55.680872,56.119128
"ocupacao",2019-08-01,"jun-jul-ago 2019",55.9,0.2,0.3,"Z",0.7,"Z",55.680872,56.119128
"ocupacao",2019-09-01,"jul-ago-set 2019",56,0.2,0.2,"Z",0.5,"Z",55.78048,56.21952
"ocupacao",2019-10-01,"ago-set-out 2019",56.2,0.2,0.2,"Z",0.4,"Z",55.979696,56.420304
"ocupacao",2019-11-01,"set-out-nov 2019",56.3,0.2,0.4,"Z",0.5,"Z",56.079304,56.520696
"ocupacao",2019-12-01,"out-nov-dez 2019",56.4,0.2,0.3,"Z",0.6,"Z",56.178912,56.621088
"ocupacao",2020-01-01,"nov-dez-jan 2020",56.1,0.2,-0.1,"A",0.6,"Z",55.880088,56.319912
"ocupacao",2020-02-01,"dez-jan-fev 2020",55.8,0.2,-0.6,"Z",0.6,"Z",55.581264,56.018736
"ocupacao",2020-03-01,"jan-fev-mar 2020",54.8,0.2,-1.6,"Z",-0.3,"A",54.585184,55.014816
"ocupacao",2020-04-01,"fev-mar-abr 2020",53,0.3,-3.1,"Z",-2.4,"Z",52.68836,53.31164
"ocupacao",2020-05-01,"mar-abr-mai 2020",51,0.3,-4.8,"Z",-4.7,"Z",50.70012,51.29988
"ocupacao",2020-06-01,"abr-mai-jun 2020",49.4,0.3,-5.4,"Z",-6.5,"Z",49.109528,49.690472
"ocupacao",2020-07-01,"mai-jun-jul 2020",48.5,0.3,-4.5,"Z",-7.4,"Z",48.21482,48.78518
"ocupacao",2020-08-01,"jun-jul-ago 2020",48.4,0.3,-2.6,"Z",-7.5,"Z",48.115408,48.684592
"ocupacao",2020-09-01,"jul-ago-set 2020",48.9,0.3,-0.5,"Z",-7.2,"Z",48.612468,49.187532
"ocupacao",2020-10-01,"ago-set-out 2020",49.9,0.3,1.4,"Z",-6.3,"Z",49.606588,50.193412
"ocupacao",2020-11-01,"set-out-nov 2020",50.6,0.3,2.2,"Z",-5.7,"Z",50.302472,50.897528
"ocupacao",2020-12-01,"out-nov-dez 2020",51,0.3,2.1,"Z",-5.4,"Z",50.70012,51.29988
"ocupacao",2021-01-01,"nov-dez-jan 2021",50.9,0.3,1,"Z",-5.2,"Z",50.600708,51.199292
"ocupacao",2021-02-01,"dez-jan-fev 2021",50.9,0.3,0.3,"Z",-4.8,"Z",50.600708,51.199292
"ocupacao",2021-03-01,"jan-fev-mar 2021",50.8,0.3,-0.2,"A",-4,"Z",50.501296,51.098704
"ocupacao",2021-04-01,"fev-mar-abr 2021",51,0.3,0,"A",-2,"Z",50.70012,51.29988
"ocupacao",2021-05-01,"mar-abr-mai 2021",51.3,0.3,0.4,"Z",0.4,"A",50.998356,51.601644
"ocupacao",2021-06-01,"abr-mai-jun 2021",52,0.3,1.2,"Z",2.6,"Z",51.69424,52.30576
"ocupacao",2021-07-01,"mai-jun-jul 2021",52.7,0.3,1.7,"Z",4.2,"Z",52.390124,53.009876
"ocupacao",2021-08-01,"jun-jul-ago 2021",53.3,0.3,2,"Z",4.9,"Z",52.986596,53.613404
"ocupacao",2021-09-01,"jul-ago-set 2021",54,0.2,2,"Z",5.1,"Z",53.78832,54.21168
"ocupacao",2021-10-01,"ago-set-out 2021",54.5,0.2,1.8,"Z",4.6,"Z",54.28636,54.71364
"ocupacao",2021-11-01,"set-out-nov 2021",55,0.2,1.8,"Z",4.4,"Z",54.7844,55.2156
"ocupacao",2021-12-01,"out-nov-dez 2021",55.5,0.2,1.5,"Z",4.5,"Z",55.28244,55.71756
"ocupacao",2022-01-01,"nov-dez-jan 2022",55.3,0.2,0.7,"Z",4.3,"Z",55.083224,55.516776
"ocupacao",2022-02-01,"dez-jan-fev 2022",55.1,0.2,0.1,"A",4.2,"Z",54.884008,55.315992
"ocupacao",2022-03-01,"jan-fev-mar 2022",55.1,0.2,-0.4,"Z",4.3,"Z",54.884008,55.315992
"ocupacao",2022-04-01,"fev-mar-abr 2022",55.8,0.2,0.5,"Z",4.8,"Z",55.581264,56.018736
"ocupacao",2022-05-01,"mar-abr-mai 2022",56.3,0.2,1.2,"Z",5,"Z",56.079304,56.520696
"ocupacao",2022-06-01,"abr-mai-jun 2022",56.7,0.2,1.6,"Z",4.7,"Z",56.477736,56.922264
"ocupacao",2022-07-01,"mai-jun-jul 2022",56.9,0.2,1.1,"Z",4.2,"Z",56.676952,57.123048
"ocupacao",2022-08-01,"jun-jul-ago 2022",57.1,0.2,0.8,"Z",3.8,"Z",56.876168,57.323832
"ocupacao",2022-09-01,"jul-ago-set 2022",57.2,0.2,0.5,"Z",3.2,"Z",56.975776,57.424224
"ocupacao",2022-10-01,"ago-set-out 2022",57.4,0.2,0.5,"Z",2.9,"Z",57.174992,57.625008
"ocupacao",2022-11-01,"set-out-nov 2022",57.3,0.2,0.3,"Z",2.3,"Z",57.075384,57.524616
"ocupacao",2022-12-01,"out-nov-dez 2022",57.1,0.2,-0.1,"A",1.6,"Z",56.876168,57.323832
"ocupacao",2023-01-01,"nov-dez-jan 2023",56.6,0.2,-0.7,"Z",1.4,"Z",56.378128,56.821872
"ocupacao",2023-02-01,"dez-jan-fev 2023",56.3,0.2,-1,"Z",1.2,"Z",56.079304,56.520696
"ocupacao",2023-03-01,"jan-fev-mar 2023",56.1,0.2,-1,"Z",1,"Z",55.880088,56.319912
"ocupacao",2023-04-01,"fev-mar-abr 2023",56.2,0.2,-0.5,"Z",0.4,"Z",55.979696,56.420304
"ocupacao",2023-05-01,"mar-abr-mai 2023",56.3,0.2,0,"A",0,"A",56.079304,56.520696
"ocupacao",2023-06-01,"abr-mai-jun 2023",56.6,0.2,0.5,"Z",-0.1,"A",56.378128,56.821872
"ocupacao",2023-07-01,"mai-jun-jul 2023",56.8,0.2,0.6,"Z",-0.1,"A",56.577344,57.022656
"ocupacao",2023-08-01,"jun-jul-ago 2023",56.9,0.2,0.6,"Z",-0.1,"A",56.676952,57.123048
"ocupacao",2023-09-01,"jul-ago-set 2023",57,0.2,0.4,"Z",-0.2,"A",56.77656,57.22344
"ocupacao",2023-10-01,"ago-set-out 2023",57.2,0.2,0.4,"Z",-0.2,"A",56.975776,57.424224
"ocupacao",2023-11-01,"set-out-nov 2023",57.3,0.2,0.4,"Z",0,"A",57.075384,57.524616
"ocupacao",2023-12-01,"out-nov-dez 2023",57.6,0.2,0.5,"Z",0.5,"Z",57.374208,57.825792
"ocupacao",2024-01-01,"nov-dez-jan 2024",57.3,0.2,0.1,"A",0.7,"Z",57.075384,57.524616
"ocupacao",2024-02-01,"dez-jan-fev 2024",57.1,0.2,-0.3,"Z",0.8,"Z",56.876168,57.323832
"ocupacao",2024-03-01,"jan-fev-mar 2024",57,0.2,-0.6,"Z",0.9,"Z",56.77656,57.22344
"ocupacao",2024-04-01,"fev-mar-abr 2024",57.3,0.2,0,"A",1.1,"Z",57.075384,57.524616
"ocupacao",2024-05-01,"mar-abr-mai 2024",57.6,0.2,0.5,"Z",1.2,"Z",57.374208,57.825792
"ocupacao",2024-06-01,"abr-mai-jun 2024",57.8,0.2,0.8,"Z",1.2,"Z",57.573424,58.026576
"ocupacao",2024-07-01,"mai-jun-jul 2024",57.9,0.2,0.6,"Z",1.1,"Z",57.673032,58.126968
"ocupacao",2024-08-01,"jun-jul-ago 2024",58.1,0.2,0.6,"Z",1.2,"Z",57.872248,58.327752
"ocupacao",2024-09-01,"jul-ago-set 2024",58.4,0.2,0.6,"Z",1.4,"Z",58.171072,58.628928
"ocupacao",2024-10-01,"ago-set-out 2024",58.7,0.2,0.8,"Z",1.5,"Z",58.469896,58.930104
"ocupacao",2024-11-01,"set-out-nov 2024",58.8,0.2,0.7,"Z",1.5,"Z",58.569504,59.030496
"ocupacao",2024-12-01,"out-nov-dez 2024",58.7,0.2,0.3,"Z",1.2,"Z",58.469896,58.930104
"ocupacao",2025-01-01,"nov-dez-jan 2025",58.2,0.2,-0.5,"Z",0.9,"Z",57.971856,58.428144
"ocupacao",2025-02-01,"dez-jan-fev 2025",58,0.2,-0.8,"Z",0.9,"Z",57.77264,58.22736
"ocupacao",2025-03-01,"jan-fev-mar 2025",57.8,0.2,-0.9,"Z",0.8,"Z",57.573424,58.026576
"ocupacao",2025-04-01,"fev-mar-abr 2025",58.2,0.2,0,"A",0.9,"Z",57.971856,58.428144
"ocupacao",2025-05-01,"mar-abr-mai 2025",58.6,0.2,0.6,"Z",1,"Z",58.370288,58.829712
"ocupacao",2025-06-01,"abr-mai-jun 2025",58.8,0.2,0.9,"Z",1,"Z",58.569504,59.030496
"ocupacao",2025-07-01,"mai-jun-jul 2025",58.8,0.2,0.6,"Z",0.9,"Z",58.569504,59.030496
"ocupacao",2025-08-01,"jun-jul-ago 2025",58.8,0.2,0.2,"Z",0.6,"Z",58.569504,59.030496
"ocupacao",2025-09-01,"jul-ago-set 2025",58.7,0.2,0,"A",0.3,"Z",58.469896,58.930104
"ocupacao",2025-10-01,"ago-set-out 2025",58.8,0.2,0,"A",0.1,"A",58.569504,59.030496
"ocupacao",2025-11-01,"set-out-nov 2025",59,0.2,0.2,"Z",0.2,"A",58.76872,59.23128
"ocupacao",2025-12-01,"out-nov-dez 2025",58.9,0.2,0.2,"Z",0.2,"A",58.669112,59.130888
"ocupacao",2026-01-01,"nov-dez-jan 2026",58.7,0.2,0,"A",0.5,"Z",58.469896,58.930104
"ocupacao",2026-02-01,"dez-jan-fev 2026",58.4,0.2,-0.6,"Z",0.4,"Z",58.171072,58.628928
"ocupacao",2026-03-01,"jan-fev-mar 2026",58.2,0.2,-0.7,"Z",0.4,"Z",57.971856,58.428144
"ocupacao",2026-04-01,"fev-mar-abr 2026",58.4,0.2,-0.3,"Z",0.2,"A",58.171072,58.628928
"ocupacao",2026-05-01,"mar-abr-mai 2026",58.6,0.2,0.2,"Z",0,"A",58.370288,58.829712
"ocupacao",2026-06-01,"abr-mai-jun 2026",58.8,0.2,0.5,"Z",0,"A",58.569504,59.030496
"ocupacao",2026-07-01,"mai-jun-jul 2026",58.9,0.2,0.5,"Z",0.1,"A",58.669112,59.130888
"ocupacao",2026-08-01,"jun-jul-ago 2026",58.9,0.2,0.3,"Z",0.2,"A",58.669112,59.130888
"rendimento",2012-03-01,"jan-fev-mar 2012",3173,0.9,NA,NA,NA,NA,3117.02828,3228.97172
"rendimento",2012-04-01,"fev-mar-abr 2012",3185,0.9,NA,NA,NA,NA,3128.8166,3241.1834
"rendimento",2012-05-01,"mar-abr-mai 2012",3176,0.9,NA,NA,NA,NA,3119.97536,3232.02464
"rendimento",2012-06-01,"abr-mai-jun 2012",3183,0.9,0.3,"A",NA,NA,3126.85188,3239.14812
"rendimento",2012-07-01,"mai-jun-jul 2012",3199,0.9,0.5,"A",NA,NA,3142.56964,3255.43036
"rendimento",2012-08-01,"jun-jul-ago 2012",3209,0.9,1,"Z",NA,NA,3152.39324,3265.60676
"rendimento",2012-09-01,"jul-ago-set 2012",3203,1,0.6,"A",NA,NA,3140.2212,3265.7788
"rendimento",2012-10-01,"ago-set-out 2012",3199,0.9,0,"A",NA,NA,3142.56964,3255.43036
"rendimento",2012-11-01,"set-out-nov 2012",3197,1,-0.4,"A",NA,NA,3134.3388,3259.6612
"rendimento",2012-12-01,"out-nov-dez 2012",3189,1,-0.5,"A",NA,NA,3126.4956,3251.5044
"rendimento",2013-01-01,"nov-dez-jan 2013",3202,0.9,0.1,"A",NA,NA,3145.51672,3258.48328
"rendimento",2013-02-01,"dez-jan-fev 2013",3221,0.9,0.8,"A",NA,NA,3164.18156,3277.81844
"rendimento",2013-03-01,"jan-fev-mar 2013",3239,0.9,1.6,"Z",2.1,"Z",3181.86404,3296.13596
"rendimento",2013-04-01,"fev-mar-abr 2013",3247,1,1.4,"Z",1.9,"Z",3183.3588,3310.6412
"rendimento",2013-05-01,"mar-abr-mai 2013",3249,0.9,0.9,"A",2.3,"Z",3191.68764,3306.31236
"rendimento",2013-06-01,"abr-mai-jun 2013",3276,1,1.1,"Z",2.9,"Z",3211.7904,3340.2096
"rendimento",2013-07-01,"mai-jun-jul 2013",3297,1,1.6,"Z",3.1,"Z",3232.3788,3361.6212
"rendimento",2013-08-01,"jun-jul-ago 2013",3319,0.9,2.1,"Z",3.4,"Z",3260.45284,3377.54716
"rendimento",2013-09-01,"jul-ago-set 2013",3319,1,1.3,"Z",3.6,"Z",3253.9476,3384.0524
"rendimento",2013-10-01,"ago-set-out 2013",3328,0.9,0.9,"A",4,"Z",3269.29408,3386.70592
"rendimento",2013-11-01,"set-out-nov 2013",3315,0.9,-0.1,"A",3.7,"Z",3256.5234,3373.4766
"rendimento",2013-12-01,"out-nov-dez 2013",3289,0.9,-0.9,"A",3.1,"Z",3230.98204,3347.01796
"rendimento",2014-01-01,"nov-dez-jan 2014",3285,0.9,-1.3,"Z",2.6,"Z",3227.0526,3342.9474
"rendimento",2014-02-01,"dez-jan-fev 2014",3317,1,0.1,"A",3,"Z",3251.9868,3382.0132
"rendimento",2014-03-01,"jan-fev-mar 2014",3355,1,2,"Z",3.6,"Z",3289.242,3420.758
"rendimento",2014-04-01,"fev-mar-abr 2014",3352,1.1,2,"Z",3.3,"Z",3279.73088,3424.26912
"rendimento",2014-05-01,"mar-abr-mai 2014",3346,1.1,0.9,"A",3,"Z",3273.86024,3418.13976
"rendimento",2014-06-01,"abr-mai-jun 2014",3328,1,-0.8,"A",1.6,"Z",3262.7712,3393.2288
"rendimento",2014-07-01,"mai-jun-jul 2014",3321,1.1,-0.9,"Z",0.7,"A",3249.39924,3392.60076
"rendimento",2014-08-01,"jun-jul-ago 2014",3345,1,0,"A",0.8,"A",3279.438,3410.562
"rendimento",2014-09-01,"jul-ago-set 2014",3356,1,0.8,"Z",1.1,"A",3290.2224,3421.7776
"rendimento",2014-10-01,"ago-set-out 2014",3370,1,1.4,"Z",1.2,"A",3303.948,3436.052
"rendimento",2014-11-01,"set-out-nov 2014",3347,0.9,0.1,"A",1,"A",3287.95892,3406.04108
"rendimento",2014-12-01,"out-nov-dez 2014",3348,0.9,-0.2,"A",1.8,"Z",3288.94128,3407.05872
"rendimento",2015-01-01,"nov-dez-jan 2015",3353,1,-0.5,"A",2.1,"Z",3287.2812,3418.7188
"rendimento",2015-02-01,"dez-jan-fev 2015",3347,1,0,"A",0.9,"A",3281.3988,3412.6012
"rendimento",2015-03-01,"jan-fev-mar 2015",3348,1.1,0,"A",-0.2,"A",3275.81712,3420.18288
"rendimento",2015-04-01,"fev-mar-abr 2015",3340,1.2,-0.4,"A",-0.4,"A",3261.4432,3418.5568
"rendimento",2015-05-01,"mar-abr-mai 2015",3325,1.2,-0.7,"A",-0.6,"A",3246.796,3403.204
"rendimento",2015-06-01,"abr-mai-jun 2015",3334,1.2,-0.4,"A",0.2,"A",3255.58432,3412.41568
"rendimento",2015-07-01,"mai-jun-jul 2015",3311,1.2,-0.9,"A",-0.3,"A",3233.12528,3388.87472
"rendimento",2015-08-01,"jun-jul-ago 2015",3295,1.2,-0.9,"A",-1.5,"A",3217.5016,3372.4984
"rendimento",2015-09-01,"jul-ago-set 2015",3293,1.2,-1.2,"Z",-1.9,"Z",3215.54864,3370.45136
"rendimento",2015-10-01,"ago-set-out 2015",3280,1.2,-0.9,"A",-2.6,"Z",3202.8544,3357.1456
"rendimento",2015-11-01,"set-out-nov 2015",3256,1,-1.2,"Z",-2.7,"Z",3192.1824,3319.8176
"rendimento",2015-12-01,"out-nov-dez 2015",3239,1.2,-1.6,"Z",-3.3,"Z",3162.81872,3315.18128
"rendimento",2016-01-01,"nov-dez-jan 2016",3250,1.3,-0.9,"A",-3.1,"Z",3167.19,3332.81
"rendimento",2016-02-01,"dez-jan-fev 2016",3230,1.3,-0.8,"A",-3.5,"Z",3147.6996,3312.3004
"rendimento",2016-03-01,"jan-fev-mar 2016",3245,1.3,0.2,"A",-3.1,"Z",3162.3174,3327.6826
"rendimento",2016-04-01,"fev-mar-abr 2016",3229,1.4,-0.6,"A",-3.3,"Z",3140.39624,3317.60376
"rendimento",2016-05-01,"mar-abr-mai 2016",3240,1.3,0.3,"A",-2.6,"Z",3157.4448,3322.5552
"rendimento",2016-06-01,"abr-mai-jun 2016",3206,1.3,-1.2,"Z",-3.9,"Z",3124.31112,3287.68888
"rendimento",2016-07-01,"mai-jun-jul 2016",3207,1.2,-0.7,"A",-3.1,"Z",3131.57136,3282.42864
"rendimento",2016-08-01,"jun-jul-ago 2016",3235,1.2,-0.1,"A",-1.8,"A",3158.9128,3311.0872
"rendimento",2016-09-01,"jul-ago-set 2016",3232,1.2,0.8,"A",-1.9,"Z",3155.98336,3308.01664
"rendimento",2016-10-01,"ago-set-out 2016",3237,1.2,0.9,"Z",-1.3,"A",3160.86576,3313.13424
"rendimento",2016-11-01,"set-out-nov 2016",3243,1.2,0.2,"A",-0.4,"A",3166.72464,3319.27536
"rendimento",2016-12-01,"out-nov-dez 2016",3260,1.3,0.9,"A",0.6,"A",3176.9352,3343.0648
"rendimento",2017-01-01,"nov-dez-jan 2017",3271,1.3,1.1,"A",0.7,"A",3187.65492,3354.34508
"rendimento",2017-02-01,"dez-jan-fev 2017",3282,1.3,1.2,"Z",1.6,"A",3198.37464,3365.62536
"rendimento",2017-03-01,"jan-fev-mar 2017",3300,1.4,1.2,"Z",1.7,"Z",3209.448,3390.552
"rendimento",2017-04-01,"fev-mar-abr 2017",3285,1.2,0.4,"A",1.7,"A",3207.7368,3362.2632
"rendimento",2017-05-01,"mar-abr-mai 2017",3280,1.3,-0.1,"A",1.2,"A",3196.4256,3363.5744
"rendimento",2017-06-01,"abr-mai-jun 2017",3267,1,-1,"A",1.9,"Z",3202.9668,3331.0332
"rendimento",2017-07-01,"mai-jun-jul 2017",3269,1.2,-0.5,"A",1.9,"A",3192.11312,3345.88688
"rendimento",2017-08-01,"jun-jul-ago 2017",3264,1.1,-0.5,"A",0.9,"A",3193.62816,3334.37184
"rendimento",2017-09-01,"jul-ago-set 2017",3280,1,0.4,"A",1.5,"A",3215.712,3344.288
"rendimento",2017-10-01,"ago-set-out 2017",3291,1.1,0.7,"A",1.7,"A",3220.04604,3361.95396
"rendimento",2017-11-01,"set-out-nov 2017",3305,1.2,1.3,"Z",1.9,"A",3227.2664,3382.7336
"rendimento",2017-12-01,"out-nov-dez 2017",3306,1.4,0.8,"A",1.4,"A",3215.28336,3396.71664
"rendimento",2018-01-01,"nov-dez-jan 2018",3318,1.3,0.8,"A",1.4,"A",3233.45736,3402.54264
"rendimento",2018-02-01,"dez-jan-fev 2018",3331,1.2,0.8,"A",1.5,"A",3252.65488,3409.34512
"rendimento",2018-03-01,"jan-fev-mar 2018",3330,1.2,0.7,"A",0.9,"A",3251.6784,3408.3216
"rendimento",2018-04-01,"fev-mar-abr 2018",3341,1.1,0.7,"A",1.7,"A",3268.96804,3413.03196
"rendimento",2018-05-01,"mar-abr-mai 2018",3342,1.3,0.3,"A",1.9,"Z",3256.84584,3427.15416
"rendimento",2018-06-01,"abr-mai-jun 2018",3337,1.3,0.2,"A",2.1,"Z",3251.97324,3422.02676
"rendimento",2018-07-01,"mai-jun-jul 2018",3326,1.3,-0.5,"A",1.7,"A",3241.25352,3410.74648
"rendimento",2018-08-01,"jun-jul-ago 2018",3340,1.3,-0.1,"A",2.3,"Z",3254.8968,3425.1032
"rendimento",2018-09-01,"jul-ago-set 2018",3326,1.4,-0.3,"A",1.4,"A",3234.73456,3417.26544
"rendimento",2018-10-01,"ago-set-out 2018",3329,1.2,0.1,"A",1.2,"A",3250.70192,3407.29808
"rendimento",2018-11-01,"set-out-nov 2018",3331,1.3,-0.3,"A",0.8,"A",3246.12612,3415.87388
"rendimento",2018-12-01,"out-nov-dez 2018",3351,1.3,0.7,"A",1.4,"A",3265.61652,3436.38348
"rendimento",2019-01-01,"nov-dez-jan 2019",3371,1.1,1.3,"Z",1.6,"A",3298.32124,3443.67876
"rendimento",2019-02-01,"dez-jan-fev 2019",3383,1.3,1.5,"Z",1.5,"A",3296.80116,3469.19884
"rendimento",2019-03-01,"jan-fev-mar 2019",3369,1.2,0.6,"A",1.2,"A",3289.76112,3448.23888
"rendimento",2019-04-01,"fev-mar-abr 2019",3351,1.2,-0.6,"A",0.3,"A",3272.18448,3429.81552
"rendimento",2019-05-01,"mar-abr-mai 2019",3328,1.1,-1.6,"Z",-0.4,"A",3256.24832,3399.75168
"rendimento",2019-06-01,"abr-mai-jun 2019",3328,1,-1.2,"Z",-0.3,"A",3262.7712,3393.2288
"rendimento",2019-07-01,"mai-jun-jul 2019",3320,1.1,-0.9,"A",-0.2,"A",3248.4208,3391.5792
"rendimento",2019-08-01,"jun-jul-ago 2019",3333,1.1,0.2,"A",-0.2,"A",3261.14052,3404.85948
"rendimento",2019-09-01,"jul-ago-set 2019",3333,1.3,0.1,"A",0.2,"A",3248.07516,3417.92484
"rendimento",2019-10-01,"ago-set-out 2019",3357,1.1,1.1,"Z",0.8,"A",3284.62308,3429.37692
"rendimento",2019-11-01,"set-out-nov 2019",3372,1.3,1.2,"Z",1.2,"A",3286.08144,3457.91856
"rendimento",2019-12-01,"out-nov-dez 2019",3361,1.3,0.9,"A",0.3,"A",3275.36172,3446.63828
"rendimento",2020-01-01,"nov-dez-jan 2020",3369,1.2,0.3,"A",-0.1,"A",3289.76112,3448.23888
"rendimento",2020-02-01,"dez-jan-fev 2020",3372,1.1,0,"A",-0.3,"A",3299.29968,3444.70032
"rendimento",2020-03-01,"jan-fev-mar 2020",3399,1.5,1.1,"A",0.9,"A",3299.0694,3498.9306
"rendimento",2020-04-01,"fev-mar-abr 2020",3436,1.5,2,"Z",2.5,"Z",3334.9816,3537.0184
"rendimento",2020-05-01,"mar-abr-mai 2020",3493,1.3,3.6,"Z",5,"Z",3403.99836,3582.00164
"rendimento",2020-06-01,"abr-mai-jun 2020",3546,1.5,4.3,"Z",6.6,"Z",3441.7476,3650.2524
"rendimento",2020-07-01,"mai-jun-jul 2020",3588,1.4,4.4,"Z",8.1,"Z",3489.54528,3686.45472
"rendimento",2020-08-01,"jun-jul-ago 2020",3583,1.5,2.6,"Z",7.5,"Z",3477.6598,3688.3402
"rendimento",2020-09-01,"jul-ago-set 2020",3586,1.6,1.1,"A",7.6,"Z",3473.54304,3698.45696
"rendimento",2020-10-01,"ago-set-out 2020",3533,1.6,-1.5,"A",5.2,"Z",3422.20512,3643.79488
"rendimento",2020-11-01,"set-out-nov 2020",3495,1.5,-2.5,"Z",3.7,"Z",3392.247,3597.753
"rendimento",2020-12-01,"out-nov-dez 2020",3442,1.3,-4,"Z",2.4,"Z",3354.29784,3529.70216
"rendimento",2021-01-01,"nov-dez-jan 2021",3434,1.5,-2.8,"Z",1.9,"A",3333.0404,3534.9596
"rendimento",2021-02-01,"dez-jan-fev 2021",3403,1.3,-2.6,"Z",0.9,"A",3316.29156,3489.70844
"rendimento",2021-03-01,"jan-fev-mar 2021",3412,1.4,-0.9,"A",0.4,"A",3318.37472,3505.62528
"rendimento",2021-04-01,"fev-mar-abr 2021",3371,1.4,-1.8,"A",-1.9,"A",3278.49976,3463.50024
"rendimento",2021-05-01,"mar-abr-mai 2021",3368,1.4,-1,"A",-3.6,"Z",3275.58208,3460.41792
"rendimento",2021-06-01,"abr-mai-jun 2021",3316,1,-2.8,"Z",-6.5,"Z",3251.0064,3380.9936
"rendimento",2021-07-01,"mai-jun-jul 2021",3285,1,-2.6,"Z",-8.5,"Z",3220.614,3349.386
"rendimento",2021-08-01,"jun-jul-ago 2021",3238,1,-3.9,"Z",-9.6,"Z",3174.5352,3301.4648
"rendimento",2021-09-01,"jul-ago-set 2021",3181,1,-4.1,"Z",-11.3,"Z",3118.6524,3243.3476
"rendimento",2021-10-01,"ago-set-out 2021",3135,0.9,-4.6,"Z",-11.3,"Z",3079.6986,3190.3014
"rendimento",2021-11-01,"set-out-nov 2021",3093,0.9,-4.5,"Z",-11.5,"Z",3038.43948,3147.56052
"rendimento",2021-12-01,"out-nov-dez 2021",3068,0.9,-3.6,"Z",-10.9,"Z",3013.88048,3122.11952
"rendimento",2022-01-01,"nov-dez-jan 2022",3097,0.9,-1.2,"Z",-9.8,"Z",3042.36892,3151.63108
"rendimento",2022-02-01,"dez-jan-fev 2022",3100,0.9,0.2,"A",-8.9,"Z",3045.316,3154.684
"rendimento",2022-03-01,"jan-fev-mar 2022",3113,0.9,1.5,"Z",-8.8,"Z",3058.08668,3167.91332
"rendimento",2022-04-01,"fev-mar-abr 2022",3101,0.8,0.1,"A",-8,"Z",3052.37632,3149.62368
"rendimento",2022-05-01,"mar-abr-mai 2022",3121,0.9,0.7,"A",-7.4,"Z",3065.94556,3176.05444
"rendimento",2022-06-01,"abr-mai-jun 2022",3144,0.9,1,"A",-5.2,"Z",3088.53984,3199.46016
"rendimento",2022-07-01,"mai-jun-jul 2022",3188,0.9,2.8,"Z",-2.9,"Z",3131.76368,3244.23632
"rendimento",2022-08-01,"jun-jul-ago 2022",3216,1,3,"Z",-0.7,"A",3152.9664,3279.0336
"rendimento",2022-09-01,"jul-ago-set 2022",3259,0.9,3.7,"Z",2.5,"Z",3201.51124,3316.48876
"rendimento",2022-10-01,"ago-set-out 2022",3279,1,2.9,"Z",4.6,"Z",3214.7316,3343.2684
"rendimento",2022-11-01,"set-out-nov 2022",3310,1,2.9,"Z",7,"Z",3245.124,3374.876
"rendimento",2022-12-01,"out-nov-dez 2022",3317,0.9,1.8,"Z",8.1,"Z",3258.48812,3375.51188
"rendimento",2023-01-01,"nov-dez-jan 2023",3332,1,1.6,"Z",7.6,"Z",3266.6928,3397.3072
"rendimento",2023-02-01,"dez-jan-fev 2023",3330,0.9,0.6,"A",7.4,"Z",3271.2588,3388.7412
"rendimento",2023-03-01,"jan-fev-mar 2023",3338,1,0.6,"A",7.2,"Z",3272.5752,3403.4248
"rendimento",2023-04-01,"fev-mar-abr 2023",3328,1,-0.1,"A",7.3,"Z",3262.7712,3393.2288
"rendimento",2023-05-01,"mar-abr-mai 2023",3322,1,-0.3,"A",6.5,"Z",3256.8888,3387.1112
"rendimento",2023-06-01,"abr-mai-jun 2023",3337,1,0,"A",6.1,"Z",3271.5948,3402.4052
"rendimento",2023-07-01,"mai-jun-jul 2023",3349,1.1,0.6,"A",5,"Z",3276.79556,3421.20444
"rendimento",2023-08-01,"jun-jul-ago 2023",3359,1.1,1.1,"A",4.5,"Z",3286.57996,3431.42004
"rendimento",2023-09-01,"jul-ago-set 2023",3391,1,1.6,"Z",4.1,"Z",3324.5364,3457.4636
"rendimento",2023-10-01,"ago-set-out 2023",3403,1,1.6,"Z",3.8,"Z",3336.3012,3469.6988
"rendimento",2023-11-01,"set-out-nov 2023",3432,1,2.2,"Z",3.7,"Z",3364.7328,3499.2672
"rendimento",2023-12-01,"out-nov-dez 2023",3418,0.9,0.8,"A",3,"Z",3357.70648,3478.29352
"rendimento",2024-01-01,"nov-dez-jan 2024",3456,0.9,1.6,"Z",3.7,"Z",3395.03616,3516.96384
"rendimento",2024-02-01,"dez-jan-fev 2024",3471,1,1.1,"Z",4.2,"Z",3402.9684,3539.0316
"rendimento",2024-03-01,"jan-fev-mar 2024",3468,0.9,1.5,"Z",3.9,"Z",3406.82448,3529.17552
"rendimento",2024-04-01,"fev-mar-abr 2024",3484,0.9,0.8,"A",4.7,"Z",3422.54224,3545.45776
"rendimento",2024-05-01,"mar-abr-mai 2024",3505,0.9,1,"A",5.5,"Z",3443.1718,3566.8282
"rendimento",2024-06-01,"abr-mai-jun 2024",3528,0.9,1.7,"Z",5.7,"Z",3465.76608,3590.23392
"rendimento",2024-07-01,"mai-jun-jul 2024",3507,0.8,0.7,"A",4.7,"Z",3452.01024,3561.98976
"rendimento",2024-08-01,"jun-jul-ago 2024",3526,0.9,0.6,"A",5,"Z",3463.80136,3588.19864
"rendimento",2024-09-01,"jul-ago-set 2024",3514,0.8,-0.4,"A",3.6,"Z",3458.90048,3569.09952
"rendimento",2024-10-01,"ago-set-out 2024",3533,0.9,0.7,"A",3.8,"Z",3470.67788,3595.32212
"rendimento",2024-11-01,"set-out-nov 2024",3549,0.9,0.7,"A",3.4,"Z",3486.39564,3611.60436
"rendimento",2024-12-01,"out-nov-dez 2024",3563,0.9,1.4,"Z",4.2,"Z",3500.14868,3625.85132
"rendimento",2025-01-01,"nov-dez-jan 2025",3580,0.9,1.3,"Z",3.6,"Z",3516.8488,3643.1512
"rendimento",2025-02-01,"dez-jan-fev 2025",3594,0.9,1.3,"Z",3.5,"Z",3530.60184,3657.39816
"rendimento",2025-03-01,"jan-fev-mar 2025",3605,0.9,1.2,"Z",3.9,"Z",3541.4078,3668.5922
"rendimento",2025-04-01,"fev-mar-abr 2025",3593,0.8,0.3,"A",3.1,"Z",3536.66176,3649.33824
"rendimento",2025-05-01,"mar-abr-mai 2025",3609,0.8,0.4,"A",3,"Z",3552.41088,3665.58912
"rendimento",2025-06-01,"abr-mai-jun 2025",3643,0.8,1.1,"Z",3.3,"Z",3585.87776,3700.12224
"rendimento",2025-07-01,"mai-jun-jul 2025",3641,0.9,1.3,"Z",3.8,"Z",3576.77276,3705.22724
"rendimento",2025-08-01,"jun-jul-ago 2025",3641,0.8,0.9,"A",3.3,"Z",3583.90912,3698.09088
"rendimento",2025-09-01,"jul-ago-set 2025",3653,0.8,0.3,"A",3.9,"Z",3595.72096,3710.27904
"rendimento",2025-10-01,"ago-set-out 2025",3669,0.8,0.8,"A",3.9,"Z",3611.47008,3726.52992
"rendimento",2025-11-01,"set-out-nov 2025",3708,0.9,1.8,"Z",4.5,"Z",3642.59088,3773.40912
"rendimento",2025-12-01,"out-nov-dez 2025",3742,0.8,2.4,"Z",5,"Z",3683.32544,3800.67456
"rendimento",2026-01-01,"nov-dez-jan 2026",3772,0.9,2.8,"Z",5.4,"Z",3705.46192,3838.53808
"rendimento",2026-02-01,"dez-jan-fev 2026",3783,0.9,2,"Z",5.2,"Z",3716.26788,3849.73212
"rendimento",2026-03-01,"jan-fev-mar 2026",3804,1,1.6,"Z",5.5,"Z",3729.4416,3878.5584
"rendimento",2026-04-01,"fev-mar-abr 2026",3785,0.8,0.3,"A",5.3,"Z",3725.6512,3844.3488
"rendimento",2026-05-01,"mar-abr-mai 2026",3752,0.8,-0.8,"A",4,"Z",3693.16864,3810.83136
"rendimento",2026-06-01,"abr-mai-jun 2026",3747,0.8,-1.5,"A",2.8,"Z",3688.24704,3805.75296
"rendimento",2026-07-01,"mai-jun-jul 2026",3760,0.7,-0.7,"A",3.3,"Z",3708.4128,3811.5872
"rendimento",2026-08-01,"jun-jul-ago 2026",3777,0.7,0.7,"A",3.7,"Z",3725.17956,3828.82044
"massa",2012-03-01,"jan-fev-mar 2012",269847,0.9,NA,NA,NA,NA,265086.89892,274607.10108
"massa",2012-04-01,"fev-mar-abr 2012",272716,0.9,NA,NA,NA,NA,267905.28976,277526.71024
"massa",2012-05-01,"mar-abr-mai 2012",272986,0.9,NA,NA,NA,NA,268170.52696,277801.47304
"massa",2012-06-01,"abr-mai-jun 2012",273982,1,1.5,"Z",NA,NA,268611.9528,279352.0472
"massa",2012-07-01,"mai-jun-jul 2012",275751,0.9,1.1,"Z",NA,NA,270886.75236,280615.24764
"massa",2012-08-01,"jun-jul-ago 2012",277541,0.9,1.7,"Z",NA,NA,272645.17676,282436.82324
"massa",2012-09-01,"jul-ago-set 2012",277964,1,1.5,"Z",NA,NA,272515.9056,283412.0944
"massa",2012-10-01,"ago-set-out 2012",278343,1,0.9,"A",NA,NA,272887.4772,283798.5228
"massa",2012-11-01,"set-out-nov 2012",278492,1,0.3,"A",NA,NA,273033.5568,283950.4432
"massa",2012-12-01,"out-nov-dez 2012",277886,1.1,0,"A",NA,NA,271894.77784,283877.22216
"massa",2013-01-01,"nov-dez-jan 2013",278067,0.9,-0.1,"A",NA,NA,273161.89812,282972.10188
"massa",2013-02-01,"dez-jan-fev 2013",278535,0.9,0,"A",NA,NA,273621.6426,283448.3574
"massa",2013-03-01,"jan-fev-mar 2013",279441,0.9,0.6,"A",3.6,"Z",274511.66076,284370.33924
"massa",2013-04-01,"fev-mar-abr 2013",281272,1.1,1.2,"Z",3.1,"Z",275207.77568,287336.22432
"massa",2013-05-01,"mar-abr-mai 2013",282749,1,1.5,"Z",3.6,"Z",277207.1196,288290.8804
"massa",2013-06-01,"abr-mai-jun 2013",285974,1,2.3,"Z",4.4,"Z",280368.9096,291579.0904
"massa",2013-07-01,"mai-jun-jul 2013",288733,1,2.7,"Z",4.7,"Z",283073.8332,294392.1668
"massa",2013-08-01,"jun-jul-ago 2013",291233,0.9,3,"Z",4.9,"Z",286095.64988,296370.35012
"massa",2013-09-01,"jul-ago-set 2013",291951,1,2.1,"Z",5,"Z",286228.7604,297673.2396
"massa",2013-10-01,"ago-set-out 2013",293367,0.9,1.6,"Z",5.4,"Z",288192.00612,298541.99388
"massa",2013-11-01,"set-out-nov 2013",293261,1,0.7,"A",5.3,"Z",287513.0844,299008.9156
"massa",2013-12-01,"out-nov-dez 2013",291351,0.9,-0.2,"A",4.8,"Z",286211.56836,296490.43164
"massa",2014-01-01,"nov-dez-jan 2014",290004,0.9,-1.1,"Z",4.3,"Z",284888.32944,295119.67056
"massa",2014-02-01,"dez-jan-fev 2014",292377,1,-0.3,"A",5,"Z",286646.4108,298107.5892
"massa",2014-03-01,"jan-fev-mar 2014",295308,1.1,1.4,"Z",5.7,"Z",288941.15952,301674.84048
"massa",2014-04-01,"fev-mar-abr 2014",295953,1.2,2.1,"Z",5.2,"Z",288992.18544,302913.81456
"massa",2014-05-01,"mar-abr-mai 2014",296130,1.1,1.3,"Z",4.7,"Z",289745.4372,302514.5628
"massa",2014-06-01,"abr-mai-jun 2014",295119,1.1,-0.1,"A",3.2,"Z",288756.23436,301481.76564
"massa",2014-07-01,"mai-jun-jul 2014",294416,1.1,-0.5,"A",2,"Z",288068.39104,300763.60896
"massa",2014-08-01,"jun-jul-ago 2014",296467,1.1,0.1,"A",1.8,"Z",290075.17148,302858.82852
"massa",2014-09-01,"jul-ago-set 2014",298722,1,1.2,"Z",2.3,"Z",292867.0488,304576.9512
"massa",2014-10-01,"ago-set-out 2014",300947,1,2.2,"Z",2.6,"Z",295048.4388,306845.5612
"massa",2014-11-01,"set-out-nov 2014",299571,1,1,"Z",2.2,"Z",293699.4084,305442.5916
"massa",2014-12-01,"out-nov-dez 2014",299836,0.9,0.4,"A",2.9,"Z",294546.89296,305125.10704
"massa",2015-01-01,"nov-dez-jan 2015",299282,1,-0.6,"A",3.2,"Z",293416.0728,305147.9272
"massa",2015-02-01,"dez-jan-fev 2015",297170,1.1,-0.8,"A",1.6,"Z",290763.0148,303576.9852
"massa",2015-03-01,"jan-fev-mar 2015",296072,1.2,-1.3,"Z",0.3,"A",289108.38656,303035.61344
"massa",2015-04-01,"fev-mar-abr 2015",296060,1.2,-1.1,"A",0,"A",289096.6688,303023.3312
"massa",2015-05-01,"mar-abr-mai 2015",294672,1.2,-0.8,"A",-0.5,"A",287741.31456,301602.68544
"massa",2015-06-01,"abr-mai-jun 2015",295621,1.3,-0.2,"A",0.2,"A",288088.57692,303153.42308
"massa",2015-07-01,"mai-jun-jul 2015",293511,1.2,-0.9,"A",-0.3,"A",286607.62128,300414.37872
"massa",2015-08-01,"jun-jul-ago 2015",291929,1.2,-0.9,"A",-1.5,"A",285062.82992,298795.17008
"massa",2015-09-01,"jul-ago-set 2015",292141,1.2,-1.2,"Z",-2.2,"Z",285269.84368,299012.15632
"massa",2015-10-01,"ago-set-out 2015",291748,1.3,-0.6,"A",-3.1,"Z",284314.26096,299181.73904
"massa",2015-11-01,"set-out-nov 2015",289548,1.1,-0.8,"A",-3.3,"Z",283305.34512,295790.65488
"massa",2015-12-01,"out-nov-dez 2015",288479,1.2,-1.3,"Z",-3.8,"Z",281693.97392,295264.02608
"massa",2016-01-01,"nov-dez-jan 2016",287743,1.4,-1.4,"Z",-3.9,"Z",279847.33208,295638.66792
"massa",2016-02-01,"dez-jan-fev 2016",284509,1.4,-1.7,"Z",-4.3,"Z",276702.07304,292315.92696
"massa",2016-03-01,"jan-fev-mar 2016",284291,1.3,-1.5,"Z",-4,"Z",277047.26532,291534.73468
"massa",2016-04-01,"fev-mar-abr 2016",282549,1.4,-1.8,"Z",-4.6,"Z",274795.85544,290302.14456
"massa",2016-05-01,"mar-abr-mai 2016",284167,1.4,-0.1,"A",-3.6,"Z",276369.45752,291964.54248
"massa",2016-06-01,"abr-mai-jun 2016",281048,1.3,-1.1,"Z",-4.9,"Z",273886.89696,288209.10304
"massa",2016-07-01,"mai-jun-jul 2016",280250,1.3,-0.8,"A",-4.5,"Z",273109.23,287390.77
"massa",2016-08-01,"jun-jul-ago 2016",281940,1.3,-0.8,"A",-3.4,"Z",274756.1688,289123.8312
"massa",2016-09-01,"jul-ago-set 2016",280844,1.2,-0.1,"A",-3.9,"Z",274238.54912,287449.45088
"massa",2016-10-01,"ago-set-out 2016",281417,1.3,0.4,"A",-3.5,"Z",274246.49484,288587.50516
"massa",2016-11-01,"set-out-nov 2016",282637,1.2,0.2,"A",-2.4,"Z",275989.37776,289284.62224
"massa",2016-12-01,"out-nov-dez 2016",284063,1.4,1.1,"A",-1.5,"A",276268.31128,291857.68872
"massa",2017-01-01,"nov-dez-jan 2017",283481,1.4,0.7,"A",-1.5,"A",275702.28136,291259.71864
"massa",2017-02-01,"dez-jan-fev 2017",282659,1.3,0,"A",-0.7,"A",275456.84868,289861.15132
"massa",2017-03-01,"jan-fev-mar 2017",282901,1.4,-0.4,"A",-0.5,"A",275138.19656,290663.80344
"massa",2017-04-01,"fev-mar-abr 2017",282585,1.2,-0.3,"A",0,"A",275938.6008,289231.3992
"massa",2017-05-01,"mar-abr-mai 2017",283585,1.3,0.3,"A",-0.2,"A",276359.2542,290810.7458
"massa",2017-06-01,"abr-mai-jun 2017",284241,1.1,0.5,"A",1.1,"A",278112.76404,290369.23596
"massa",2017-07-01,"mai-jun-jul 2017",285439,1.2,1,"A",1.9,"A",278725.47472,292152.52528
"massa",2017-08-01,"jun-jul-ago 2017",286165,1.2,0.9,"A",1.5,"A",279434.3992,292895.6008
"massa",2017-09-01,"jul-ago-set 2017",288382,1.1,1.5,"Z",2.7,"Z",282164.48408,294599.51592
"massa",2017-10-01,"ago-set-out 2017",290480,1.2,1.8,"Z",3.2,"Z",283647.9104,297312.0896
"massa",2017-11-01,"set-out-nov 2017",292917,1.2,2.4,"Z",3.6,"Z",286027.59216,299806.40784
"massa",2017-12-01,"out-nov-dez 2017",293667,1.5,1.8,"Z",3.4,"Z",285033.1902,302300.8098
"massa",2018-01-01,"nov-dez-jan 2018",293451,1.4,1,"A",3.5,"Z",285398.70456,301503.29544
"massa",2018-02-01,"dez-jan-fev 2018",292847,1.2,0,"A",3.6,"Z",285959.23856,299734.76144
"massa",2018-03-01,"jan-fev-mar 2018",291294,1.2,-0.8,"A",3,"Z",284442.76512,298145.23488
"massa",2018-04-01,"fev-mar-abr 2018",292845,1.2,-0.2,"A",3.6,"Z",285957.2856,299732.7144
"massa",2018-05-01,"mar-abr-mai 2018",293426,1.3,0.2,"A",3.5,"Z",285949.50552,300902.49448
"massa",2018-06-01,"abr-mai-jun 2018",293847,1.3,0.9,"A",3.4,"Z",286359.77844,301334.22156
"massa",2018-07-01,"mai-jun-jul 2018",294269,1.4,0.5,"A",3.1,"Z",286194.25864,302343.74136
"massa",2018-08-01,"jun-jul-ago 2018",296867,1.3,1.2,"A",3.7,"Z",289302.82884,304431.17116
"massa",2018-09-01,"jul-ago-set 2018",297260,1.4,1.2,"A",3.1,"Z",289103.1856,305416.8144
"massa",2018-10-01,"ago-set-out 2018",298687,1.3,1.5,"Z",2.8,"Z",291076.45524,306297.54476
"massa",2018-11-01,"set-out-nov 2018",299948,1.4,1,"A",2.4,"Z",291717.42688,308178.57312
"massa",2018-12-01,"out-nov-dez 2018",301508,1.3,1.4,"Z",2.7,"Z",293825.57616,309190.42384
"massa",2019-01-01,"nov-dez-jan 2019",301684,1.2,1,"A",2.8,"Z",294588.39232,308779.60768
"massa",2019-02-01,"dez-jan-fev 2019",301358,1.3,0.5,"A",2.9,"Z",293679.39816,309036.60184
"massa",2019-03-01,"jan-fev-mar 2019",299911,1.2,-0.5,"A",3,"Z",292857.09328,306964.90672
"massa",2019-04-01,"fev-mar-abr 2019",300285,1.2,-0.5,"A",2.5,"Z",293222.2968,307347.7032
"massa",2019-05-01,"mar-abr-mai 2019",299752,1.1,-0.5,"A",2.2,"Z",293289.34688,306214.65312
"massa",2019-06-01,"abr-mai-jun 2019",300879,1.1,0.3,"A",2.4,"Z",294392.04876,307365.95124
"massa",2019-07-01,"mai-jun-jul 2019",300788,1.2,0.2,"A",2.2,"Z",293713.46624,307862.53376
"massa",2019-08-01,"jun-jul-ago 2019",302477,1.2,0.9,"A",1.9,"Z",295362.74096,309591.25904
"massa",2019-09-01,"jul-ago-set 2019",303347,1.3,0.8,"A",2,"Z",295617.71844,311076.28156
"massa",2019-10-01,"ago-set-out 2019",306575,1.1,1.9,"Z",2.6,"Z",299965.243,313184.757
"massa",2019-11-01,"set-out-nov 2019",309255,1.3,2.2,"Z",3.1,"Z",301375.1826,317134.8174
"massa",2019-12-01,"out-nov-dez 2019",308692,1.3,1.8,"Z",2.4,"Z",300826.52784,316557.47216
"massa",2020-01-01,"nov-dez-jan 2020",308260,1.3,0.5,"A",2.2,"Z",300405.5352,316114.4648
"massa",2020-02-01,"dez-jan-fev 2020",307069,1.2,-0.7,"A",1.9,"Z",299846.73712,314291.26288
"massa",2020-03-01,"jan-fev-mar 2020",304456,1.5,-1.4,"Z",1.5,"A",295504.9936,313407.0064
"massa",2020-04-01,"fev-mar-abr 2020",297782,1.6,-3.4,"Z",-0.8,"A",288443.55648,307120.44352
"massa",2020-05-01,"mar-abr-mai 2020",291043,1.4,-5.2,"Z",-2.9,"Z",283056.78008,299029.21992
"massa",2020-06-01,"abr-mai-jun 2020",286323,1.6,-6,"Z",-4.8,"Z",277343.91072,295302.08928
"massa",2020-07-01,"mai-jun-jul 2020",284853,1.5,-4.3,"Z",-5.3,"Z",276478.3218,293227.6782
"massa",2020-08-01,"jun-jul-ago 2020",283695,1.6,-2.5,"Z",-6.2,"Z",274798.3248,292591.6752
"massa",2020-09-01,"jul-ago-set 2020",286665,1.7,0.1,"A",-5.5,"Z",277113.3222,296216.6778
"massa",2020-10-01,"ago-set-out 2020",288765,1.7,1.4,"A",-5.8,"Z",279143.3502,298386.6498
"massa",2020-11-01,"set-out-nov 2020",290003,1.6,2.2,"Z",-6.2,"Z",280908.50592,299097.49408
"massa",2020-12-01,"out-nov-dez 2020",287856,1.4,0.4,"A",-6.7,"Z",279957.23136,295754.76864
"massa",2021-01-01,"nov-dez-jan 2021",287038,1.6,-0.6,"A",-6.9,"Z",278036.48832,296039.51168
"massa",2021-02-01,"dez-jan-fev 2021",284803,1.4,-1.8,"A",-7.3,"Z",276988.00568,292617.99432
"massa",2021-03-01,"jan-fev-mar 2021",284850,1.6,-1,"A",-6.4,"Z",275917.104,293782.896
"massa",2021-04-01,"fev-mar-abr 2021",282861,1.5,-1.5,"A",-5,"Z",274544.8866,291177.1134
"massa",2021-05-01,"mar-abr-mai 2021",284687,1.4,0,"A",-2.2,"A",276875.18872,292498.81128
"massa",2021-06-01,"abr-mai-jun 2021",284194,1.1,-0.2,"A",-0.7,"A",278066.77736,290321.22264
"massa",2021-07-01,"mai-jun-jul 2021",285628,1.1,1,"A",0.3,"A",279469.86032,291786.13968
"massa",2021-08-01,"jun-jul-ago 2021",284887,1.1,0.1,"A",0.4,"A",278744.83628,291029.16372
"massa",2021-09-01,"jul-ago-set 2021",283723,1,-0.2,"A",-1,"A",278162.0292,289283.9708
"massa",2021-10-01,"ago-set-out 2021",282654,0.9,-1,"A",-2.1,"A",277667.98344,287640.01656
"massa",2021-11-01,"set-out-nov 2021",281962,1,-1,"A",-2.8,"A",276435.5448,287488.4552
"massa",2021-12-01,"out-nov-dez 2021",282207,0.9,-0.5,"A",-2,"A",277228.86852,287185.13148
"massa",2022-01-01,"nov-dez-jan 2022",283936,1,0.5,"A",-1.1,"A",278370.8544,289501.1456
"massa",2022-02-01,"dez-jan-fev 2022",283676,1,0.6,"A",-0.4,"A",278115.9504,289236.0496
"massa",2022-03-01,"jan-fev-mar 2022",284942,0.9,1,"A",0,"A",279915.62312,289968.37688
"massa",2022-04-01,"fev-mar-abr 2022",287770,0.9,1.4,"Z",1.7,"A",282693.7372,292846.2628
"massa",2022-05-01,"mar-abr-mai 2022",292737,0.9,3.2,"Z",2.8,"Z",287573.11932,297900.88068
"massa",2022-06-01,"abr-mai-jun 2022",297399,1,4.4,"Z",4.6,"Z",291569.9796,303228.0204
"massa",2022-07-01,"mai-jun-jul 2022",302769,1,5.2,"Z",6,"Z",296834.7276,308703.2724
"massa",2022-08-01,"jun-jul-ago 2022",306558,1,4.7,"Z",7.6,"Z",300549.4632,312566.5368
"massa",2022-09-01,"jul-ago-set 2022",311731,0.9,4.8,"Z",9.9,"Z",306232.06516,317229.93484
"massa",2022-10-01,"ago-set-out 2022",314860,1,4,"Z",11.4,"Z",308688.744,321031.256
"massa",2022-11-01,"set-out-nov 2022",318173,1,3.8,"Z",12.8,"Z",311936.8092,324409.1908
"massa",2022-12-01,"out-nov-dez 2022",317953,1,2,"Z",12.7,"Z",311721.1212,324184.8788
"massa",2023-01-01,"nov-dez-jan 2023",317211,1,0.7,"A",11.7,"Z",310993.6644,323428.3356
"massa",2023-02-01,"dez-jan-fev 2023",315444,0.9,-0.9,"A",11.2,"Z",309879.56784,321008.43216
"massa",2023-03-01,"jan-fev-mar 2023",315187,1,-0.9,"A",10.6,"Z",309009.3348,321364.6652
"massa",2023-04-01,"fev-mar-abr 2023",314767,1,-0.8,"A",9.4,"Z",308597.5668,320936.4332
"massa",2023-05-01,"mar-abr-mai 2023",315469,1.1,0,"A",7.8,"Z",308667.48836,322270.51164
"massa",2023-06-01,"abr-mai-jun 2023",318364,1.1,1,"A",7,"Z",311500.07216,325227.92784
"massa",2023-07-01,"mai-jun-jul 2023",321074,1.2,2,"Z",6,"Z",313522.33952,328625.66048
"massa",2023-08-01,"jun-jul-ago 2023",323008,1.1,2.4,"Z",5.4,"Z",316043.94752,329972.05248
"massa",2023-09-01,"jul-ago-set 2023",326796,1,2.6,"Z",4.8,"Z",320390.7984,333201.2016
"massa",2023-10-01,"ago-set-out 2023",329099,1,2.5,"Z",4.5,"Z",322648.6596,335549.3404
"massa",2023-11-01,"set-out-nov 2023",333080,1,3.1,"Z",4.7,"Z",326551.632,339608.368
"massa",2023-12-01,"out-nov-dez 2023",333530,0.9,2.1,"Z",4.9,"Z",327646.5308,339413.4692
"massa",2024-01-01,"nov-dez-jan 2024",336009,1,2.1,"Z",5.9,"Z",329423.2236,342594.7764
"massa",2024-02-01,"dez-jan-fev 2024",336277,1,1,"A",6.6,"Z",329685.9708,342868.0292
"massa",2024-03-01,"jan-fev-mar 2024",335857,1,0.7,"A",6.6,"Z",329274.2028,342439.7972
"massa",2024-04-01,"fev-mar-abr 2024",339564,1,1.1,"A",7.9,"Z",332908.5456,346219.4544
"massa",2024-05-01,"mar-abr-mai 2024",343486,0.9,2.1,"Z",8.9,"Z",337426.90696,349545.09304
"massa",2024-06-01,"abr-mai-jun 2024",347370,0.9,3.4,"Z",9.1,"Z",341242.3932,353497.6068
"massa",2024-07-01,"mai-jun-jul 2024",345964,0.8,1.9,"Z",7.8,"Z",340539.28448,351388.71552
"massa",2024-08-01,"jun-jul-ago 2024",349408,0.9,1.7,"Z",8.2,"Z",343244.44288,355571.55712
"massa",2024-09-01,"jul-ago-set 2024",350098,0.8,0.8,"A",7.1,"Z",344608.46336,355587.53664
"massa",2024-10-01,"ago-set-out 2024",354062,1,2.3,"Z",7.6,"Z",347122.3848,361001.6152
"massa",2024-11-01,"set-out-nov 2024",356777,0.9,2.1,"Z",7.1,"Z",350483.45372,363070.54628
"massa",2024-12-01,"out-nov-dez 2024",357847,0.9,2.2,"Z",7.3,"Z",351534.57892,364159.42108
"massa",2025-01-01,"nov-dez-jan 2025",356581,0.9,0.7,"A",6.1,"Z",350290.91116,362871.08884
"massa",2025-02-01,"dez-jan-fev 2025",356836,1,0,"A",6.1,"Z",349842.0144,363829.9856
"massa",2025-03-01,"jan-fev-mar 2025",357633,0.9,-0.1,"A",6.5,"Z",351324.35388,363941.64612
"massa",2025-04-01,"fev-mar-abr 2025",359200,0.9,0.7,"A",5.8,"Z",352863.712,365536.288
"massa",2025-05-01,"mar-abr-mai 2025",362955,0.9,1.7,"Z",5.7,"Z",356552.4738,369357.5262
"massa",2025-06-01,"abr-mai-jun 2025",367986,0.9,2.9,"Z",5.9,"Z",361494.72696,374477.27304
"massa",2025-07-01,"mai-jun-jul 2025",368222,0.9,2.5,"Z",6.4,"Z",361726.56392,374717.43608
"massa",2025-08-01,"jun-jul-ago 2025",368081,0.8,1.4,"Z",5.3,"Z",362309.48992,373852.51008
"massa",2025-09-01,"jul-ago-set 2025",369375,0.9,0.4,"A",5.5,"Z",362859.225,375890.775
"massa",2025-10-01,"ago-set-out 2025",371626,0.9,0.9,"A",5,"Z",365070.51736,378181.48264
"massa",2025-11-01,"set-out-nov 2025",377392,0.9,2.5,"Z",5.8,"Z",370734.80512,384049.19488
"massa",2025-12-01,"out-nov-dez 2025",380651,0.9,3.1,"Z",6.4,"Z",373936.31636,387365.68364
"massa",2026-01-01,"nov-dez-jan 2026",382500,0.9,2.9,"Z",7.3,"Z",375752.7,389247.3
"massa",2026-02-01,"dez-jan-fev 2026",381597,0.9,1.1,"A",6.9,"Z",374865.62892,388328.37108
"massa",2026-03-01,"jan-fev-mar 2026",383015,1,0.6,"A",7.1,"Z",375507.906,390522.094
"massa",2026-04-01,"fev-mar-abr 2026",382426,0.8,0,"A",6.5,"Z",376429.56032,388422.43968
"massa",2026-05-01,"mar-abr-mai 2026",380401,0.8,-0.3,"A",4.8,"Z",374436.31232,386365.68768
"massa",2026-06-01,"abr-mai-jun 2026",381170,0.8,-0.5,"A",3.6,"Z",375193.2544,387146.7456
"massa",2026-07-01,"mai-jun-jul 2026",383324,0.8,0.2,"A",4.1,"Z",377313.47968,389334.52032
"massa",2026-08-01,"jun-jul-ago 2026",385566,0.7,1.4,"Z",4.8,"Z",380276.03448,390855.96552
"informalidade",2015-12-01,"4º trimestre 2015",38.3,0.5,NA,NA,NA,NA,37.92466,38.67534
"informalidade",2016-03-01,"1º trimestre 2016",38.3,0.4,0,"A",NA,NA,37.999728,38.600272
"informalidade",2016-06-01,"2º trimestre 2016",38.7,0.4,0.3,"Z",NA,NA,38.396592,39.003408
"informalidade",2016-09-01,"3º trimestre 2016",38.4,0.5,-0.2,"A",NA,NA,38.02368,38.77632
"informalidade",2016-12-01,"4º trimestre 2016",39.1,0.5,0.6,"Z",0.8,"Z",38.71682,39.48318
"informalidade",2017-03-01,"1º trimestre 2017",39.3,0.5,0.2,"A",1,"Z",38.91486,39.68514
"informalidade",2017-06-01,"2º trimestre 2017",39.8,0.5,0.5,"Z",1.1,"Z",39.40996,40.19004
"informalidade",2017-09-01,"3º trimestre 2017",40.2,0.4,0.4,"Z",1.8,"Z",39.884832,40.515168
"informalidade",2017-12-01,"4º trimestre 2017",40.3,0.5,0.1,"A",1.2,"Z",39.90506,40.69494
"informalidade",2018-03-01,"1º trimestre 2018",40.2,0.5,-0.1,"A",0.9,"Z",39.80604,40.59396
"informalidade",2018-06-01,"2º trimestre 2018",40.3,0.5,0,"A",0.5,"Z",39.90506,40.69494
"informalidade",2018-09-01,"3º trimestre 2018",40.7,0.5,0.4,"Z",0.4,"Z",40.30114,41.09886
"informalidade",2018-12-01,"4º trimestre 2018",40.8,0.5,0.1,"A",0.5,"Z",40.40016,41.19984
"informalidade",2019-03-01,"1º trimestre 2019",40.5,0.5,-0.3,"A",0.2,"A",40.1031,40.8969
"informalidade",2019-06-01,"2º trimestre 2019",40.9,0.4,0.4,"Z",0.6,"Z",40.579344,41.220656
"informalidade",2019-09-01,"3º trimestre 2019",41,0.4,0.1,"A",0.4,"A",40.67856,41.32144
"informalidade",2019-12-01,"4º trimestre 2019",40.7,0.4,-0.4,"Z",-0.1,"A",40.380912,41.019088
"informalidade",2020-03-01,"1º trimestre 2020",39.6,0.5,-1.1,"Z",-0.9,"Z",39.21192,39.98808
"informalidade",2020-06-01,"2º trimestre 2020",36.6,0.7,-3,"Z",-4.3,"Z",36.097848,37.102152
"informalidade",2020-09-01,"3º trimestre 2020",38.1,0.7,1.5,"Z",-2.9,"Z",37.577268,38.622732
"informalidade",2020-12-01,"4º trimestre 2020",39.1,0.7,1.1,"Z",-1.5,"Z",38.563548,39.636452
"informalidade",2021-03-01,"1º trimestre 2021",39.2,0.7,0.1,"A",-0.4,"A",38.662176,39.737824
"informalidade",2021-06-01,"2º trimestre 2021",40.1,0.6,0.9,"Z",3.5,"Z",39.628424,40.571576
"informalidade",2021-09-01,"3º trimestre 2021",40.7,0.5,0.6,"Z",2.6,"Z",40.30114,41.09886
"informalidade",2021-12-01,"4º trimestre 2021",40.8,0.5,0.1,"A",1.6,"Z",40.40016,41.19984
"informalidade",2022-03-01,"1º trimestre 2022",40.2,0.5,-0.6,"Z",1,"Z",39.80604,40.59396
"informalidade",2022-06-01,"2º trimestre 2022",40,0.5,-0.1,"A",-0.1,"A",39.608,40.392
"informalidade",2022-09-01,"3º trimestre 2022",39.5,0.5,-0.5,"Z",-1.1,"Z",39.1129,39.8871
"informalidade",2022-12-01,"4º trimestre 2022",38.9,0.5,-0.6,"Z",-1.9,"Z",38.51878,39.28122
"informalidade",2023-03-01,"1º trimestre 2023",39,0.5,0.2,"A",-1.2,"Z",38.6178,39.3822
"informalidade",2023-06-01,"2º trimestre 2023",39.2,0.5,0.2,"A",-0.8,"Z",38.81584,39.58416
"informalidade",2023-09-01,"3º trimestre 2023",39.1,0.5,-0.1,"A",-0.4,"A",38.71682,39.48318
"informalidade",2023-12-01,"4º trimestre 2023",39.2,0.5,0,"A",0.3,"A",38.81584,39.58416
"informalidade",2024-03-01,"1º trimestre 2024",38.9,0.5,-0.3,"A",-0.1,"A",38.51878,39.28122
"informalidade",2024-06-01,"2º trimestre 2024",38.7,0.4,-0.2,"A",-0.5,"Z",38.396592,39.003408
"informalidade",2024-09-01,"3º trimestre 2024",38.8,0.5,0.2,"A",-0.3,"A",38.41976,39.18024
"informalidade",2024-12-01,"4º trimestre 2024",38.6,0.4,-0.2,"A",-0.6,"Z",38.297376,38.902624
"informalidade",2025-03-01,"1º trimestre 2025",38,0.5,-0.6,"Z",-0.9,"Z",37.6276,38.3724
"informalidade",2025-06-01,"2º trimestre 2025",37.8,0.5,-0.2,"A",-0.8,"Z",37.42956,38.17044
"informalidade",2025-09-01,"3º trimestre 2025",37.8,0.5,0,"A",-1,"Z",37.42956,38.17044
"informalidade",2025-12-01,"4º trimestre 2025",37.6,0.5,-0.2,"A",-1,"Z",37.23152,37.96848
"informalidade",2026-03-01,"1º trimestre 2026",37.3,0.5,-0.2,"A",-0.6,"Z",36.93446,37.66554
"informalidade",2026-06-01,"2º trimestre 2026",37.4,0.5,0.1,"A",-0.4,"A",37.03348,37.76652
