"indicador","comparacao","periodos","significativas","significativas_com_sobreposicao","sem_sobreposicao_e_nao_significativas"
"Taxa de desocupação","três trimestres móveis antes",171,147,32,0
"Taxa de desocupação","um ano antes",162,142,12,0
"Nível da ocupação","três trimestres móveis antes",171,138,50,0
"Nível da ocupação","um ano antes",162,118,20,0
"Rendimento médio real habitual","três trimestres móveis antes",171,70,66,0
"Rendimento médio real habitual","um ano antes",162,107,53,0
"Massa de rendimento real habitual","três trimestres móveis antes",171,73,67,0
"Massa de rendimento real habitual","um ano antes",162,133,62,0
"Taxa de informalidade","trimestre anterior",42,17,14,0
"Taxa de informalidade","um ano antes",39,29,7,0
